Age,Sex,Job,Saving accounts,Checking account,Credit amount,Duration,Housing_own,Housing_rent,Purpose_car,Purpose_domestic appliances,Purpose_education,Purpose_furniture/equipment,Purpose_radio/TV,Purpose_repairs,Purpose_vacation/others
1.057783942218908,1,2,0,1,1.9257663831384437,1.289592031872302,False,False,True,False,False,False,False,False,False
0.2424489262702798,1,2,1,0,-0.8928525713645623,-0.742595017696657,True,False,False,False,False,False,True,False,False
-0.6634788692281958,1,2,1,1,0.816433415252783,1.289592031872302,True,False,False,False,False,True,False,False,False
-0.5728860896783482,0,0,0,2,0.299568088447757,1.289592031872302,True,False,False,True,False,False,False,False,False
-1.025849987427586,0,2,0,2,1.9826552532864263,2.3056855566567815,True,False,True,False,False,False,False,False,False
-0.029329412379262863,1,2,1,0,-0.31572995446858104,0.2734985070878224,True,False,True,False,False,False,False,False,False
2.235490076366926,1,3,0,2,1.2270063794128943,-0.06519933450700406,True,False,True,False,False,False,False,False,False
-0.30110775102880555,1,2,1,0,-0.9314022662674716,-0.742595017696657,True,False,False,False,True,False,False,False,False
0.0612633671705847,1,3,0,2,3.360713278844794,2.3056855566567815,False,False,True,False,False,False,False,False,False
-1.1164427669774335,0,1,2,2,-0.8808759671228817,-0.742595017696657,True,False,True,False,False,False,False,False,False
-0.11992219192911042,1,2,4,0,-0.22889957371639708,0.2734985070878224,True,False,False,False,False,False,True,False,False
-0.6634788692281958,1,3,1,2,0.3965037290288589,0.7815452694800622,True,False,True,False,False,False,False,False,False
0.8765983831192128,0,1,0,0,0.24155641165211686,1.289592031872302,True,False,False,False,False,False,True,False,False
-0.3917005305786531,1,1,1,2,-0.666045628537737,-0.742595017696657,True,False,False,False,True,False,False,False,False
-1.207035546527281,0,2,1,1,0.1723166683799012,-0.2345482553044173,False,True,False,False,False,True,False,False,False
-1.207035546527281,1,2,2,2,-0.6271216647522752,-0.48857163650053714,True,False,False,False,False,False,False,True,False
-0.6634788692281958,0,3,1,1,-0.2184200450049266,0.01947512589170256,False,True,False,False,False,False,True,False,False
-1.025849987427586,1,1,1,1,-0.5399170151175388,0.2734985070878224,True,False,False,False,False,True,False,False,False
0.9671911626690604,0,1,1,3,-0.35128549831107014,-0.742595017696657,True,False,False,False,False,True,False,False,False
-0.4822933101285007,1,3,1,0,-0.512595386691205,-0.2345482553044173,True,False,True,False,False,False,False,False,False
-1.1164427669774335,1,1,1,2,-0.8015309640217482,-0.9119439384940703,True,False,False,False,False,False,True,False,False
-0.11992219192911042,1,2,1,1,1.4257431560482807,2.3056855566567815,True,False,False,False,False,False,True,False,False
-0.3917005305786531,1,3,2,2,1.6439419145763985,2.3056855566567815,False,False,False,False,False,False,False,False,True
0.8765983831192128,1,2,1,1,-0.33182351641833924,0.2734985070878224,True,False,True,False,False,False,False,False,False
-1.025849987427586,1,1,0,1,0.21460905210833564,0.01947512589170256,True,False,True,False,False,False,False,False,False
0.0612633671705847,1,3,1,0,-0.7154491210346692,0.2734985070878224,True,False,False,False,False,False,True,False,False
0.2424489262702798,1,2,1,0,-0.4736714229057432,-0.9119439384940703,True,False,False,False,False,False,True,False,False
-0.9352572078777385,0,1,1,3,-0.32284106323707884,-0.48857163650053714,True,False,False,False,False,False,True,False,False
-0.9352572078777385,0,2,1,1,0.11954475593999629,-0.2345482553044173,True,False,False,False,False,False,True,False,False
-1.1164427669774335,0,2,1,1,-0.29327382151543,0.7815452694800622,False,True,False,False,False,True,False,False,False
-0.7540716487780433,0,2,1,2,-0.09715692705791107,-0.742595017696657,True,False,False,False,False,False,True,False,False
-0.8446644283278909,0,2,0,1,-0.14132065519910808,0.2734985070878224,False,True,True,False,False,False,False,False,False
-0.7540716487780433,0,2,1,0,-0.6514491421181888,-0.9966183988927769,True,False,False,False,False,False,False,False,False
-0.3917005305786531,1,2,0,0,-0.8460689610454977,0.2734985070878224,True,False,False,False,False,True,False,False,False
-0.5728860896783482,1,1,0,2,-0.32059544994176375,0.2734985070878224,True,False,False,False,False,True,False,False,False
0.42363448536997494,1,1,3,0,-0.5960573475004163,-0.9119439384940703,False,True,True,False,False,False,False,False,False
-0.5728860896783482,1,2,1,0,-0.4048059485160801,-1.2506417800888967,False,True,False,False,False,False,True,False,False
-1.1164427669774335,0,2,1,0,-0.7311684141018749,-0.9966183988927769,False,True,False,True,False,False,False,False,False
1.3295622808684506,1,2,0,0,-0.29926212363627025,-0.742595017696657,True,False,True,False,False,False,False,False,False
-1.025849987427586,0,1,1,1,-0.734162565162295,-0.742595017696657,True,False,True,False,False,False,False,False,False
-0.5728860896783482,1,1,1,1,0.14986053542675018,-0.742595017696657,True,False,False,False,False,True,False,False,False
0.15185614672043227,0,2,1,0,-0.43699307241559654,0.2734985070878224,True,False,True,False,False,False,False,False,False
-0.029329412379262863,1,2,1,1,-0.9351449550929968,-0.742595017696657,True,False,True,False,False,False,False,False,False
-0.9352572078777385,1,1,1,2,-0.8696479006463063,-0.2345482553044173,True,False,False,False,False,False,True,False,False
-0.8446644283278909,0,0,1,2,-0.5283146797584107,-0.48857163650053714,False,True,True,False,False,False,False,False,False
-1.025849987427586,0,1,0,0,0.6068428410233735,0.7815452694800622,False,True,True,False,False,False,False,False,False
-0.8446644283278909,1,2,1,0,-0.46992873408021807,-0.742595017696657,True,False,False,False,False,False,True,False,False
1.238969501318603,0,2,1,2,-0.7850631331894374,-0.742595017696657,True,False,False,False,False,False,True,False,False
-0.9352572078777385,0,2,1,1,-0.4893907159729489,-0.2345482553044173,False,True,False,False,False,False,True,False,False
0.0612633671705847,1,2,0,2,-0.16078263709183896,0.2734985070878224,False,False,True,False,False,False,False,False,False
-0.21051497147895798,1,1,1,2,-0.3015077369315854,1.289592031872302,False,True,False,False,False,False,False,True,False
-1.1164427669774335,0,1,2,2,-0.8790046227101191,-0.742595017696657,False,True,False,False,False,False,False,False,False
0.6048200444696701,0,2,1,2,0.22995407629298883,1.289592031872302,True,False,False,False,False,False,True,False,False
0.6048200444696701,0,2,0,2,-0.45832639872109,0.2734985070878224,False,True,True,False,False,False,False,False,False
-0.4822933101285007,1,2,1,1,-0.3999404530428974,-0.742595017696657,True,False,True,False,False,False,False,False,False
-0.8446644283278909,1,2,1,0,0.12291317588296895,-1.2506417800888967,False,True,True,False,False,False,False,False,False
3.503788990064792,1,3,1,0,0.5001762094959061,0.2734985070878224,True,False,False,False,False,False,False,False,False
-1.207035546527281,0,2,1,1,-0.4983731691542093,-0.742595017696657,False,True,False,False,False,True,False,False,False
1.4201550604182982,1,3,1,1,-0.7581157736456562,-1.0812928592914834,False,False,False,False,False,False,False,False,True
1.7825261786176885,1,2,4,0,-0.611776640567622,-0.742595017696657,False,False,False,False,False,False,False,True,False
-0.8446644283278909,1,2,1,3,-0.18810426551817272,-0.48857163650053714,False,True,False,False,False,False,False,False,False
-1.1164427669774335,1,2,1,3,0.27074938449121316,1.289592031872302,True,False,False,False,False,False,True,False,False
0.3330417058201274,1,3,1,2,3.2742571669751626,0.2734985070878224,True,False,False,False,False,False,False,False,True
0.5142272649198225,1,1,1,2,-0.8614139852301509,-0.742595017696657,True,False,True,False,False,False,False,False,False
0.6954128240195177,0,1,4,0,-0.6263731269871702,0.2734985070878224,True,False,False,False,False,False,True,False,False
-1.2976283260771286,1,1,1,1,1.264433267668146,0.2734985070878224,True,False,False,False,False,False,False,False,False
1.238969501318603,1,2,1,2,1.944854096148622,0.7815452694800622,True,False,False,False,False,True,False,False,False
0.15185614672043227,0,1,1,1,-0.7169461965648793,-0.742595017696657,True,False,True,False,False,False,False,False,False
0.0612633671705847,1,3,0,2,1.4474507512363268,-0.06519933450700406,False,True,True,False,False,False,False,False,False
0.6954128240195177,1,1,1,0,-0.6200105559837774,-0.2345482553044173,True,False,False,False,False,True,False,False,False
-0.029329412379262863,1,1,4,2,-0.46730885190235044,-0.2345482553044173,True,False,False,False,False,False,False,False,False
0.0612633671705847,1,3,1,1,-0.4931334047984741,-1.2506417800888967,False,False,False,False,False,True,False,False,False
1.057783942218908,1,2,1,0,-0.6724081995411297,-0.742595017696657,True,False,False,False,True,False,False,False,False
0.0612633671705847,1,1,1,2,0.3935095779684388,0.2734985070878224,True,False,False,False,False,False,False,False,False
-1.1164427669774335,0,3,1,2,3.132783529370311,0.2734985070878224,False,True,True,False,False,False,False,False,False
-0.8446644283278909,1,2,1,1,0.44179026381771347,1.7976387942645415,True,False,False,False,False,False,True,False,False
-0.21051497147895798,1,2,1,3,1.1600122494359937,1.7976387942645415,True,False,False,False,False,False,False,False,False
1.3295622808684506,0,2,2,2,-0.19409256763901298,1.289592031872302,False,False,False,False,False,False,True,False,False
-0.029329412379262863,1,2,1,2,-0.2296481114815021,-1.16596731969019,True,False,False,False,False,False,True,False,False
2.326082855916774,1,3,1,2,-0.4628176253117202,1.289592031872302,False,False,False,False,False,False,False,False,False
-0.6634788692281958,0,3,1,0,0.05966173473159357,1.289592031872302,True,False,False,False,False,True,False,False,False
-0.9352572078777385,0,2,1,1,-0.6574374442390291,-0.48857163650053714,False,True,False,False,False,True,False,False,False
-1.207035546527281,1,2,1,1,0.2932055174443642,-0.5732460968992438,False,False,True,False,False,False,False,False,False
0.3330417058201274,1,2,1,1,-0.249858631139338,0.7815452694800622,True,False,False,False,False,False,True,False,False
-1.3882211056269762,1,2,1,2,-0.9748174566435636,-0.742595017696657,False,True,False,False,False,False,True,False,False
2.054304517267231,1,2,0,0,-0.49500474921123666,0.7815452694800622,True,False,False,False,False,False,True,False,False
-0.029329412379262863,1,2,1,0,-0.6432152267020335,-0.48857163650053714,False,False,False,False,False,False,True,False,False
-0.30110775102880555,1,2,1,1,0.5215095358013996,0.7815452694800622,True,False,False,False,False,True,False,False,False
-0.029329412379262863,0,2,1,1,-0.2809229483911969,0.2734985070878224,True,False,False,False,False,False,True,False,False
-0.7540716487780433,1,2,2,2,0.518889653623532,2.0516621754606614,True,False,True,False,False,False,False,False,False
-0.029329412379262863,0,1,3,0,0.09634008522174024,-0.742595017696657,True,False,False,False,True,False,False,False,False
2.8696395332158593,1,2,0,1,-0.7562444292328936,-1.2506417800888967,True,False,False,False,False,False,True,False,False
-1.207035546527281,1,2,1,2,0.24043360500445932,0.7815452694800622,True,False,False,False,False,True,False,False,False
-1.025849987427586,0,2,1,1,-0.7420222116958979,0.2734985070878224,False,True,True,False,False,False,False,False,False
-0.4822933101285007,1,3,1,2,1.038749131488978,0.5275218882839423,True,False,True,False,False,False,False,False,False
2.7790467536660115,1,3,1,3,-0.4796597250265835,0.7815452694800622,True,False,False,False,False,False,False,False,False
-0.11992219192911042,1,2,1,2,0.9769947658678129,1.289592031872302,True,False,True,False,False,False,False,False,False
-0.21051497147895798,1,2,4,0,-0.6162678671582522,-1.2506417800888967,True,False,False,False,False,True,False,False,False
-0.5728860896783482,0,0,1,1,-0.7472619760516331,0.2734985070878224,False,True,True,False,False,False,False,False,False
-0.30110775102880555,1,2,1,0,0.25203594036358734,0.2734985070878224,False,False,False,False,False,False,False,False,False
-1.1164427669774335,0,1,1,0,-0.9688291545227232,-1.41999070088631,False,True,False,False,False,True,False,False,False
-1.207035546527281,0,2,2,1,-0.9164315109653709,-0.742595017696657,True,False,False,True,False,False,False,False,False
-0.6634788692281958,1,2,1,0,-0.3389346251868371,0.2734985070878224,True,False,False,False,False,False,True,False,False
1.238969501318603,0,2,1,1,-1.0335776712043088,-1.2506417800888967,True,False,False,False,False,True,False,False,False
-0.21051497147895798,1,2,1,1,-0.3572738004319104,-0.06519933450700406,False,True,True,False,False,False,False,False,False
0.42363448536997494,1,1,1,1,0.28048037543757864,-0.8272694780953637,True,False,True,False,False,False,False,False,False
1.9637117377173834,1,1,0,0,-0.7206888853904044,-0.742595017696657,False,True,False,False,False,False,False,False,False
0.2424489262702798,1,2,2,2,-0.7386537917529252,0.2734985070878224,True,False,False,False,False,False,True,False,False
-0.21051497147895798,1,2,1,2,-0.7277999941589023,-0.2345482553044173,True,False,False,False,False,False,True,False,False
-0.30110775102880555,1,2,0,0,1.5151934189783323,2.3056855566567815,True,False,False,False,False,False,True,False,False
-0.11992219192911042,0,3,1,2,-0.06459553427584208,-0.742595017696657,False,True,False,False,False,True,False,False,False
-0.9352572078777385,0,2,0,2,-0.16003409932673393,-0.742595017696657,True,False,False,False,False,True,False,False,False
0.2424489262702798,0,2,1,0,-0.6200105559837774,0.2734985070878224,True,False,False,False,False,False,True,False,False
-0.3917005305786531,1,1,2,2,2.4954036223833747,1.289592031872302,True,False,False,False,False,False,False,False,False
-0.9352572078777385,1,1,1,0,-0.36663052249572337,-0.9119439384940703,False,True,False,False,False,True,False,False,False
0.42363448536997494,1,0,1,2,0.14986053542675018,-0.2345482553044173,True,False,False,False,False,False,False,False,False
-1.1164427669774335,0,3,1,3,-0.4598234742513001,-0.2345482553044173,True,False,True,False,False,False,False,False,False
1.9637117377173834,1,3,1,2,4.165017107450153,1.289592031872302,False,False,True,False,False,False,False,False,False
1.4201550604182982,1,2,1,2,0.5918720857212728,-0.8272694780953637,True,False,False,False,False,False,True,False,False
-0.5728860896783482,0,2,1,0,-0.9998934717745822,-1.2506417800888967,True,False,False,False,False,False,True,False,False
-1.207035546527281,0,2,1,2,-0.6072854139769918,-0.742595017696657,True,False,False,False,False,False,True,False,False
0.5142272649198225,1,2,0,2,0.2954511307396793,2.3056855566567815,True,False,False,False,False,False,True,False,False
1.3295622808684506,1,2,1,1,0.7872404424136867,0.5275218882839423,True,False,False,False,False,False,False,False,False
-0.11992219192911042,1,3,1,1,-0.10464230470896141,0.2734985070878224,False,False,True,False,False,False,False,False,False
1.3295622808684506,1,3,1,1,1.6042694130258315,2.3056855566567815,False,False,False,False,True,False,False,False,False
-0.6634788692281958,1,3,1,2,2.3236142052917694,1.289592031872302,False,True,True,False,False,False,False,False,False
0.15185614672043227,1,2,1,3,-0.4078000995765002,-0.2345482553044173,True,False,False,False,False,False,True,False,False
-0.6634788692281958,1,2,4,0,-0.3920808065092945,-0.8272694780953637,True,False,False,False,False,False,False,False,False
0.9671911626690604,1,2,1,1,-0.314981416703476,1.289592031872302,True,False,False,False,False,True,False,False,False
-0.30110775102880555,0,2,1,0,0.5319890645128701,-1.2506417800888967,True,False,False,False,False,True,False,False,False
0.15185614672043227,0,2,3,0,-0.6690397795981571,-0.742595017696657,False,True,False,False,False,True,False,False,False
-0.7540716487780433,1,2,0,0,-0.7367824473401627,-1.2506417800888967,True,False,False,False,False,True,False,False,False
-0.6634788692281958,1,2,1,0,-0.7263029186286922,0.2734985070878224,True,False,True,False,False,False,False,False,False
-0.3917005305786531,1,2,1,0,1.093018119459093,2.3056855566567815,False,False,False,False,True,False,False,False,False
-0.4822933101285007,1,2,1,2,-0.7985368129613281,-0.2345482553044173,True,False,True,False,False,False,False,False,False
-0.029329412379262863,1,1,0,0,2.195239978576256,1.289592031872302,False,False,False,False,True,False,False,False,False
-0.30110775102880555,1,2,3,0,-0.07919202069539025,-1.2506417800888967,True,False,False,False,False,True,False,False,False
-1.2976283260771286,0,2,0,0,-0.8621625229952559,-0.742595017696657,True,False,False,False,False,False,True,False,False
-1.1164427669774335,1,2,0,1,-0.8569227586395207,-0.742595017696657,True,False,True,False,False,False,False,False,False
0.2424489262702798,0,2,0,0,-0.7296713385716649,-0.742595017696657,True,False,False,False,False,False,True,False,False
0.3330417058201274,1,1,1,1,-0.39956618416034484,-0.742595017696657,False,True,True,False,False,False,False,False,False
-0.7540716487780433,1,2,1,1,-0.7996596196089856,-0.48857163650053714,True,False,False,False,False,False,True,False,False
-0.029329412379262863,1,2,3,1,-0.5649930302485574,-0.742595017696657,True,False,False,False,False,False,True,False,False
-0.6634788692281958,1,2,1,0,0.05741612143627847,-0.48857163650053714,False,False,False,False,False,True,False,False,False
0.5142272649198225,1,2,1,3,-0.4018117974556599,-1.2506417800888967,True,False,False,False,False,True,False,False,False
-0.7540716487780433,0,2,1,1,-1.0653905262212726,-1.2506417800888967,True,False,False,True,False,False,False,False,False
-1.025849987427586,1,2,1,1,0.529743451217555,2.3056855566567815,False,False,True,False,False,False,False,False,False
-0.8446644283278909,0,3,1,0,0.5016732850261162,0.7815452694800622,False,True,False,False,False,False,True,False,False
1.691933399067841,1,2,1,1,-0.05187039226905651,2.3056855566567815,True,False,False,True,False,False,False,False,False
-1.3882211056269762,0,2,1,2,-0.45757786095598496,0.2734985070878224,True,False,False,False,False,False,True,False,False
-0.7540716487780433,1,2,0,2,0.19514707021560473,1.289592031872302,True,False,False,False,True,False,False,False,False
-0.9352572078777385,1,1,1,2,0.5825153636574599,2.0516621754606614,True,False,False,False,False,False,True,False,False
0.8765983831192128,1,3,0,0,0.12628159582594162,-0.742595017696657,True,False,True,False,False,False,False,False,False
-0.11992219192911042,0,1,1,2,-0.5062328156878122,0.2734985070878224,False,False,False,False,True,False,False,False,False
1.7825261786176885,1,3,1,2,2.2805732837982298,1.7976387942645415,False,False,True,False,False,False,False,False,False
1.1483767217687555,1,2,0,0,2.278327670502915,0.2734985070878224,False,False,True,False,False,False,False,False,False
-1.1164427669774335,0,2,1,0,-0.33743754965662703,0.01947512589170256,True,False,False,False,False,True,False,False,False
-0.7540716487780433,1,2,2,2,-0.4470983322445145,-0.742595017696657,True,False,True,False,False,False,False,False,False
0.8765983831192128,0,2,1,2,-0.3220925254719738,-1.16596731969019,True,False,False,False,False,False,True,False,False
-0.4822933101285007,1,2,1,0,-0.7356596406925051,-0.9966183988927769,True,False,True,False,False,False,False,False,False
-0.21051497147895798,0,2,0,2,-0.8037765773170632,-0.2345482553044173,True,False,True,False,False,False,False,False,False
2.4166756354666212,0,2,1,0,0.21236343881302053,0.2734985070878224,False,False,True,False,False,False,False,False,False
-0.6634788692281958,0,2,1,0,-0.6765251572492075,-1.2506417800888967,True,False,False,False,False,False,True,False,False
1.057783942218908,1,1,1,2,-0.8352151634514747,-0.742595017696657,True,False,True,False,False,False,False,False,False
-1.025849987427586,1,2,1,1,-0.39095799986163693,1.289592031872302,True,False,False,False,False,False,False,False,False
0.2424489262702798,1,2,0,2,-1.0560338041574597,-1.2506417800888967,True,False,False,False,False,False,True,False,False
-0.7540716487780433,1,2,3,2,-0.3232153321196314,-0.48857163650053714,True,False,False,False,False,False,False,False,False
2.5978611945663164,0,2,2,0,-0.6664198974202895,-0.6579205572979504,True,False,False,False,False,False,True,False,False
-0.4822933101285007,0,2,2,0,-0.49612755585889423,-0.2345482553044173,True,False,False,False,True,False,False,False,False
0.42363448536997494,1,2,1,0,-0.6005485740910464,0.2734985070878224,True,False,False,False,False,True,False,False,False
0.0612633671705847,1,2,0,0,-0.04139086355758603,1.289592031872302,True,False,True,False,False,False,False,False,False
0.42363448536997494,0,2,3,0,1.67987172730144,1.289592031872302,True,False,False,False,False,True,False,False,False
0.3330417058201274,1,3,1,1,0.022234846476341868,1.289592031872302,False,False,True,False,False,False,False,False,False
0.6954128240195177,1,2,1,0,-0.4695544651976655,-0.742595017696657,True,False,False,False,False,True,False,False,False
1.691933399067841,0,3,1,0,0.1416266200105948,-0.48857163650053714,False,True,False,False,False,False,True,False,False
0.9671911626690604,1,2,1,1,1.1757315425031993,2.3056855566567815,False,False,True,False,False,False,False,False,False
-0.6634788692281958,0,2,3,2,0.3456031610017166,0.2734985070878224,False,True,True,False,False,False,False,False,False
-0.3917005305786531,0,2,0,0,-0.10801072465193406,-0.9119439384940703,False,True,True,False,False,False,False,False,False
-0.7540716487780433,1,1,2,0,0.35533415194808204,0.2734985070878224,True,False,False,False,False,False,False,False,False
0.3330417058201274,1,1,1,0,-1.0343262089694139,-1.2506417800888967,True,False,False,False,False,False,True,False,False
-1.1164427669774335,1,1,3,0,-0.9467472904521248,-1.2506417800888967,False,True,False,False,False,False,False,True,False
-0.029329412379262863,1,2,1,1,0.07350968338603671,-0.742595017696657,False,False,True,False,False,False,False,False,False
-1.1164427669774335,0,2,1,0,1.473649573015003,1.289592031872302,False,True,False,False,False,True,False,False,False
-0.11992219192911042,0,3,1,2,-0.631987160225458,-0.9966183988927769,True,False,False,False,True,False,False,False,False
-0.3917005305786531,1,2,2,2,1.1072403369960888,-0.06519933450700406,True,False,True,False,False,False,False,False,False
-0.11992219192911042,1,2,1,0,-0.4639404319593778,-0.2345482553044173,True,False,False,False,False,False,False,False,False
1.4201550604182982,1,2,1,0,-0.5968058852655214,-1.2506417800888967,True,False,False,False,False,False,True,False,False
0.2424489262702798,1,2,2,2,0.12066756258765385,0.2734985070878224,True,False,True,False,False,False,False,False,False
0.15185614672043227,1,1,1,2,-0.7618584624711814,-0.9966183988927769,True,False,False,False,False,False,True,False,False
-0.11992219192911042,0,2,1,1,-0.5043614712750496,1.289592031872302,True,False,True,False,False,False,False,False,False
0.8765983831192128,1,2,0,0,-0.7072152056185138,-0.48857163650053714,False,False,True,False,False,False,False,False,False
-0.4822933101285007,0,2,0,1,1.6959652892511983,0.2734985070878224,True,False,False,False,False,True,False,False,False
-0.6634788692281958,1,3,1,2,0.7651585783430882,0.7815452694800622,True,False,True,False,False,False,False,False,False
-0.5728860896783482,1,2,0,0,0.1371353934199646,-0.48857163650053714,True,False,True,False,False,False,False,False,False
-0.029329412379262863,1,2,0,0,-0.4530866343653548,-0.48857163650053714,True,False,False,False,False,False,True,False,False
-0.6634788692281958,1,2,1,2,0.15996579525566815,-0.742595017696657,False,True,False,False,False,True,False,False,False
-0.11992219192911042,1,3,1,3,-0.6933672569640708,-0.9966183988927769,True,False,False,False,False,False,True,False,False
-0.4822933101285007,1,2,1,2,1.7876611654765648,0.4428474278852357,True,False,True,False,False,False,False,False,False
-1.025849987427586,1,2,3,0,-0.41528547722755055,-1.2506417800888967,True,False,True,False,False,False,False,False,False
-0.8446644283278909,0,2,1,0,-0.6499520665879788,-0.2345482553044173,True,False,False,False,False,False,True,False,False
-0.21051497147895798,0,2,1,2,0.020363502063579283,-0.2345482553044173,True,False,False,False,False,True,False,False,False
-1.025849987427586,1,2,1,3,0.9949596722303337,1.289592031872302,True,False,False,False,False,False,True,False,False
2.054304517267231,0,1,1,1,-1.049671233154067,-0.742595017696657,True,False,False,False,False,False,True,False,False
-0.4822933101285007,0,2,1,2,-0.8501859187535754,-0.9966183988927769,True,False,False,False,False,True,False,False,False
-0.7540716487780433,1,1,1,0,-0.18024461898456987,-0.48857163650053714,True,False,False,False,False,True,False,False,False
0.5142272649198225,1,1,1,1,-0.9459987526870197,-1.2506417800888967,True,False,True,False,False,False,False,False,False
0.0612633671705847,1,2,1,1,-0.6802678460747327,-0.742595017696657,True,False,True,False,False,False,False,False,False
-0.11992219192911042,1,3,1,0,1.2816496362655616,1.289592031872302,True,False,True,False,False,False,False,False,False
-0.7540716487780433,1,2,1,1,1.0511000046132113,1.6282898734671283,True,False,False,False,True,False,False,False,False
-0.21051497147895798,1,2,1,2,1.2026789020469806,0.2734985070878224,True,False,False,False,False,False,True,False,False
-0.3917005305786531,1,2,3,0,0.08997751421834745,0.2734985070878224,True,False,False,False,False,False,True,False,False
0.9671911626690604,1,3,0,0,-0.2670749997367538,0.01947512589170256,True,False,True,False,False,False,False,False,False
0.7860056035693652,1,1,0,1,0.5712872971808843,-1.2506417800888967,True,False,True,False,False,False,False,False,False
0.0612633671705847,1,2,1,0,-0.6166421360408048,-0.742595017696657,True,False,False,False,False,False,False,False,False
0.42363448536997494,1,2,0,0,-0.04213940132269106,0.7815452694800622,True,False,False,False,False,False,True,False,False
0.0612633671705847,1,2,1,1,-0.1461861506722908,-0.9966183988927769,False,True,True,False,False,False,False,False,False
-0.8446644283278909,0,1,1,1,0.15322895536972284,0.01947512589170256,False,True,False,False,False,True,False,False,False
-0.6634788692281958,0,2,1,1,0.17605935720542637,0.2734985070878224,True,False,False,False,False,False,True,False,False
1.6013406195179933,1,2,0,0,-0.2865369816294847,0.2734985070878224,True,False,False,False,False,False,True,False,False
-0.6634788692281958,0,2,1,1,-0.6686655107156046,-0.48857163650053714,False,True,True,False,False,False,False,False,False
1.1483767217687555,1,3,0,2,3.373812689734132,2.3056855566567815,True,False,False,False,False,False,False,False,False
1.691933399067841,0,2,1,2,1.5878015821935207,1.289592031872302,False,True,True,False,False,False,False,False,False
-0.7540716487780433,1,2,1,1,0.13563831788975453,0.2734985070878224,True,False,False,False,False,True,False,False,False
1.5107478399681458,1,2,3,1,-1.0672618706340353,-1.2506417800888967,True,False,False,False,False,False,True,False,False
-0.7540716487780433,0,2,1,0,-0.7502561271120534,-0.742595017696657,True,False,False,False,False,False,False,False,False
2.5978611945663164,0,2,1,2,-0.9119402843747406,-1.2506417800888967,True,False,False,False,False,False,True,False,False
0.15185614672043227,1,2,1,0,-0.5129696555737575,1.289592031872302,False,False,False,False,True,False,False,False,False
-0.3917005305786531,1,2,1,1,-0.1660224014475742,1.289592031872302,True,False,False,False,False,True,False,False,False
-0.9352572078777385,1,2,1,1,-0.3943264198046096,-0.9966183988927769,True,False,False,False,False,True,False,False,False
-0.029329412379262863,1,1,1,0,0.5574393485264413,0.2734985070878224,True,False,True,False,False,False,False,False,False
-1.025849987427586,0,1,2,0,-0.6069111450944393,-0.2345482553044173,False,True,False,False,False,False,False,False,False
-0.9352572078777385,0,2,1,0,0.9661409682737898,0.7815452694800622,True,False,False,False,False,False,True,False,False
-0.7540716487780433,1,2,1,0,-0.21580016282705897,1.289592031872302,True,False,False,False,False,False,False,True,False
-0.11992219192911042,1,1,2,0,-0.6065368762118868,-0.48857163650053714,True,False,False,False,False,False,True,False,False
-0.6634788692281958,1,2,3,3,-0.8423262722199725,-0.742595017696657,True,False,True,False,False,False,False,False,False
-0.5728860896783482,1,3,2,0,-0.4822796072044511,0.2734985070878224,False,True,False,False,False,False,True,False,False
0.6954128240195177,1,1,1,1,-0.6907473747862031,-0.742595017696657,True,False,True,False,False,False,False,False,False
-0.7540716487780433,1,2,0,0,1.7929009298323002,1.289592031872302,False,True,False,False,False,False,False,False,False
-0.30110775102880555,1,2,1,0,-0.18436157669264755,-0.9966183988927769,True,False,False,False,False,False,True,False,False
-0.4822933101285007,1,3,0,0,2.9434034747987377,1.289592031872302,True,False,True,False,False,False,False,False,False
0.7860056035693652,1,2,3,0,-0.7584900425282087,-0.742595017696657,True,False,True,False,False,False,False,False,False
-1.025849987427586,0,2,1,1,-0.9497414415125449,-0.742595017696657,False,True,False,False,False,True,False,False,False
0.2424489262702798,1,1,1,1,-0.9287823840896039,-0.742595017696657,True,False,False,False,False,True,False,False,False
0.7860056035693652,0,2,0,0,1.0305152160728228,0.2734985070878224,True,False,False,False,False,False,True,False,False
0.8765983831192128,0,1,1,3,-0.05261893003416154,-0.2345482553044173,True,False,False,False,False,True,False,False,False
-1.207035546527281,0,2,1,0,-1.031706326791546,-0.2345482553044173,False,True,False,False,False,False,True,False,False
-1.1164427669774335,1,2,1,3,-0.7083380122661714,-0.742595017696657,False,True,False,False,False,False,True,False,False
-1.025849987427586,0,2,1,2,-0.3890866554488744,0.7815452694800622,True,False,True,False,False,False,False,False,False
-0.21051497147895798,0,3,1,3,-0.6420924200543758,-0.742595017696657,True,False,False,False,False,True,False,False,False
-0.8446644283278909,1,2,1,0,-0.7910514353102777,-0.742595017696657,True,False,False,False,False,False,False,False,False
1.3295622808684506,1,2,4,0,0.21984881646407087,0.2734985070878224,True,False,False,False,False,True,False,False,False
0.15185614672043227,0,2,1,1,-0.9658350034623031,-1.2506417800888967,True,False,True,False,False,False,False,False,False
-0.4822933101285007,1,3,2,1,-0.35203403607617517,-0.2345482553044173,True,False,True,False,False,False,False,False,False
-0.30110775102880555,1,1,4,0,0.5001762094959061,0.5275218882839423,True,False,False,False,False,True,False,False,False
-0.7540716487780433,1,1,1,0,-0.8936011091296674,-0.5732460968992438,True,False,True,False,False,False,False,False,False
-1.207035546527281,1,2,1,1,-0.27231476409248906,-0.2345482553044173,True,False,False,False,False,True,False,False,False
-0.8446644283278909,1,2,1,3,-0.4732971540231907,0.2734985070878224,True,False,False,False,False,True,False,False,False
-1.3882211056269762,1,3,1,1,-0.7794490999511496,-0.742595017696657,False,True,False,False,False,False,True,False,False
0.9671911626690604,1,2,1,0,-0.216548700592164,0.2734985070878224,True,False,False,False,False,False,True,False,False
-1.025849987427586,0,2,1,0,-0.15030310838036848,-0.48857163650053714,True,False,False,False,False,True,False,False,False
-0.4822933101285007,1,2,2,2,1.0016965121162789,-0.2345482553044173,True,False,True,False,False,False,False,False,False
0.9671911626690604,1,1,0,0,-0.9205484686734485,-1.16596731969019,False,True,False,False,False,False,True,False,False
-0.6634788692281958,1,2,1,0,-0.38197554668037653,-0.2345482553044173,True,False,False,False,False,False,False,False,False
-0.9352572078777385,0,2,1,2,-0.7423964805784504,-0.9966183988927769,True,False,False,False,False,False,True,False,False
-0.4822933101285007,1,2,1,0,-0.9291566529721564,-0.742595017696657,True,False,False,False,False,False,True,False,False
1.691933399067841,1,2,0,0,-0.9254139641466312,0.2734985070878224,True,False,True,False,False,False,False,False,False
-1.3882211056269762,1,2,0,3,0.15996579525566815,0.2734985070878224,False,True,False,False,False,True,False,False,False
-0.6634788692281958,0,2,2,0,-0.4179053594054182,-0.742595017696657,True,False,False,False,False,False,True,False,False
1.8731189581675358,1,2,1,0,-0.9624665835193305,-0.742595017696657,True,False,False,False,False,False,True,False,False
-0.9352572078777385,1,2,1,1,-0.8288525924480818,-0.48857163650053714,True,False,False,False,False,True,False,False,False
-0.3917005305786531,0,1,1,0,-0.5440339728256164,-0.742595017696657,True,False,False,False,False,True,False,False,False
-1.207035546527281,0,2,1,1,-0.6825134593700477,-0.9966183988927769,False,True,False,False,False,False,True,False,False
0.2424489262702798,1,1,1,1,-0.3812270089152715,-0.742595017696657,True,False,True,False,False,False,False,False,False
0.0612633671705847,1,2,0,0,1.1656262826742814,1.289592031872302,True,False,False,False,False,False,False,False,False
0.6048200444696701,1,2,1,1,-0.2292738425989496,-0.742595017696657,True,False,False,False,False,True,False,False,False
-0.21051497147895798,0,2,0,0,-0.47254861625808564,0.2734985070878224,True,False,False,False,True,False,False,False,False
-0.9352572078777385,0,2,0,2,-0.07432652522220753,0.7815452694800622,True,False,False,False,False,False,True,False,False
-0.11992219192911042,1,2,0,2,-0.13645515972592537,0.2734985070878224,True,False,False,False,False,False,False,False,False
-0.6634788692281958,1,2,2,3,-0.698607021319806,-1.2506417800888967,True,False,True,False,False,False,False,False,False
1.238969501318603,1,2,0,0,0.9773690347503654,-0.742595017696657,False,True,False,False,False,True,False,False,False
0.42363448536997494,1,2,3,0,-0.19259549210880292,0.10414958629040919,True,False,False,False,False,False,True,False,False
-0.029329412379262863,0,1,1,1,2.8191462057913017,2.2210110962580747,True,False,True,False,False,False,False,False,False
-0.7540716487780433,0,2,1,2,-0.7090865500312764,-0.2345482553044173,True,False,False,False,False,True,False,False,False
2.235490076366926,1,2,4,0,-0.46768312078490293,0.2734985070878224,True,False,True,False,False,False,False,False,False
-0.30110775102880555,1,3,1,1,-0.49013925373805395,-0.2345482553044173,True,False,False,False,False,False,True,False,False
0.5142272649198225,0,1,1,2,1.0346321737809006,1.7976387942645415,True,False,False,False,False,False,False,False,False
0.6954128240195177,1,2,1,2,0.32464410357877566,0.2734985070878224,True,False,False,False,False,True,False,False,False
0.9671911626690604,1,2,1,1,-0.9328993417976816,-0.742595017696657,True,False,True,False,False,False,False,False,False
-0.30110775102880555,1,2,1,2,-0.3430515828949148,1.289592031872302,True,False,False,False,True,False,False,False,False
-0.7540716487780433,0,1,1,1,0.16969678620203357,-0.48857163650053714,True,False,False,False,False,True,False,False,False
-0.4822933101285007,1,2,0,2,-0.43474745912028145,-0.742595017696657,True,False,True,False,False,False,False,False,False
-0.8446644283278909,0,2,1,0,-0.1592855615616289,1.035568650676182,True,False,False,False,False,False,False,False,False
-0.9352572078777385,1,2,2,0,0.8688310588101354,0.2734985070878224,True,False,False,False,False,True,False,False,False
-0.8446644283278909,1,2,1,1,0.08398921209750718,0.01947512589170256,True,False,False,False,True,False,False,False,False
0.6048200444696701,0,2,4,3,-1.0406887799728066,-0.742595017696657,False,True,False,False,False,False,True,False,False
-0.5728860896783482,1,3,2,2,2.187380332042653,1.289592031872302,False,True,False,False,False,True,False,False,False
-1.3882211056269762,0,2,4,0,-0.0013440931244667065,-0.48857163650053714,False,True,True,False,False,False,False,False,False
-0.5728860896783482,1,3,1,1,1.2685502253762235,0.2734985070878224,False,False,True,False,False,False,False,False,False
-0.30110775102880555,1,3,3,0,-0.9583496258112528,-0.2345482553044173,True,False,False,False,False,False,True,False,False
-0.8446644283278909,1,2,1,1,0.5982346567246656,2.3056855566567815,True,False,True,False,False,False,False,False,False
-0.029329412379262863,1,3,1,0,1.5208074522166202,1.035568650676182,True,False,True,False,False,False,False,False,False
-0.3917005305786531,1,3,1,0,-0.29327382151543,-0.9966183988927769,True,False,False,False,False,True,False,False,False
-1.207035546527281,1,2,4,2,-0.8168759882064014,-0.742595017696657,True,False,True,False,False,False,False,False,False
0.7860056035693652,1,2,3,0,-0.30487615687455805,0.2734985070878224,True,False,False,False,False,False,False,False,False
-0.9352572078777385,0,2,1,2,-0.0825604406383629,-0.742595017696657,False,True,False,False,False,True,False,False,False
0.7860056035693652,1,2,1,1,-0.6405953445241658,-0.48857163650053714,True,False,False,False,False,True,False,False,False
0.3330417058201274,0,2,1,2,-0.7491333204643957,0.01947512589170256,True,False,False,False,False,False,False,False,False
-0.6634788692281958,0,2,4,0,-0.21954285165258414,0.2734985070878224,False,True,True,False,False,False,False,False,False
0.6954128240195177,1,2,2,1,-0.743519287226108,-1.2506417800888967,True,False,True,False,False,False,False,False,False
1.238969501318603,1,2,1,1,-0.8052736528472734,-0.9119439384940703,True,False,True,False,False,False,False,False,False
-0.3917005305786531,0,2,1,1,1.335544355353124,2.3056855566567815,True,False,False,False,False,False,True,False,False
1.4201550604182982,1,2,0,0,0.05704185255372595,1.289592031872302,True,False,False,False,False,False,True,False,False
-0.5728860896783482,0,2,1,0,-0.3812270089152715,-0.742595017696657,True,False,False,False,False,False,True,False,False
-0.4822933101285007,1,1,1,0,-0.43474745912028145,0.2734985070878224,True,False,False,False,False,True,False,False,False
-0.30110775102880555,0,2,1,2,-0.24761301784402293,0.5275218882839423,True,False,False,False,False,False,False,False,False
-0.9352572078777385,0,2,1,1,-0.5069813534529173,0.01947512589170256,True,False,False,False,False,False,True,False,False
-0.21051497147895798,1,2,1,1,-0.8382093145118948,-0.48857163650053714,False,True,True,False,False,False,False,False,False
0.8765983831192128,1,2,1,1,1.7562225793421535,1.7976387942645415,False,False,False,False,False,True,False,False,False
-0.029329412379262863,1,2,2,0,-0.39245507539184704,-0.742595017696657,True,False,False,False,False,False,True,False,False
-0.7540716487780433,1,1,0,2,1.5825618178377856,3.321779081441261,True,False,False,False,False,False,True,False,False
0.5142272649198225,0,3,1,0,0.25390728477634994,0.2734985070878224,False,True,True,False,False,False,False,False,False
0.2424489262702798,0,3,1,2,3.6627482670646754,-0.2345482553044173,False,False,True,False,False,False,False,False,False
-0.8446644283278909,1,3,3,0,0.016995082120606627,0.2734985070878224,True,False,False,False,False,False,True,False,False
2.235490076366926,0,3,2,2,4.338677868954521,3.321779081441261,False,False,False,False,False,False,False,False,True
-0.30110775102880555,1,3,1,0,0.5600592307043089,1.289592031872302,False,False,True,False,False,False,False,False,False
0.42363448536997494,1,2,0,0,1.7345149841541074,0.6121963486826489,False,True,True,False,False,False,False,False,False
0.2424489262702798,1,3,0,0,0.014749468825291526,-0.2345482553044173,True,False,True,False,False,False,False,False,False
-1.025849987427586,1,2,3,0,-0.23226799365936973,1.5436154130684216,True,False,True,False,False,False,False,False,False
-0.5728860896783482,0,2,0,0,0.6787024664734568,0.01947512589170256,True,False,True,False,False,False,False,False,False
1.238969501318603,1,2,2,3,-0.7723379911826518,-0.9966183988927769,True,False,False,False,False,False,True,False,False
0.6048200444696701,1,2,1,1,0.09596581633918773,1.289592031872302,True,False,False,False,False,True,False,False,False
1.9637117377173834,1,2,1,2,-0.36101648925743557,1.289592031872302,False,False,True,False,False,False,False,False,False
-0.6634788692281958,1,1,1,1,-0.5212035709899129,-0.6579205572979504,True,False,False,False,False,False,False,False,False
1.4201550604182982,0,2,2,0,-0.9385133750359694,-0.742595017696657,True,False,True,False,False,False,False,False,False
-0.6634788692281958,0,2,2,2,-0.20906332294111366,-0.48857163650053714,False,True,True,False,False,False,False,False,False
0.2424489262702798,0,0,1,0,-0.8471917676931552,-0.742595017696657,True,False,True,False,False,False,False,False,False
1.5107478399681458,1,2,3,0,-0.8434490788676301,-0.9966183988927769,True,False,False,False,True,False,False,False,False
0.6048200444696701,1,3,1,1,1.711684582318404,2.3056855566567815,False,False,True,False,False,False,False,False,False
1.6013406195179933,0,3,0,0,1.6076378329688041,0.7815452694800622,True,False,True,False,False,False,False,False,False
-1.1164427669774335,1,2,1,2,-0.6196362871012249,-0.742595017696657,False,True,False,False,False,False,True,False,False
0.3330417058201274,1,2,1,1,2.660081930706482,2.3056855566567815,False,False,True,False,False,False,False,False,False
-0.9352572078777385,1,2,1,2,0.6525036446947806,1.5436154130684216,True,False,False,False,False,False,True,False,False
-0.9352572078777385,0,2,0,0,-0.2977650481060602,1.289592031872302,True,False,False,False,False,False,True,False,False
-1.1164427669774335,0,2,0,0,-0.820992945914479,-0.742595017696657,True,False,False,False,False,False,False,True,False
0.6048200444696701,1,2,1,1,0.3605739163038173,-0.2345482553044173,True,False,False,False,False,True,False,False,False
1.9637117377173834,0,3,4,1,-0.7330397585146375,0.2734985070878224,False,True,False,False,False,False,True,False,False
0.0612633671705847,1,2,0,0,-0.8771332782973565,-1.16596731969019,False,False,False,False,False,False,True,False,False
-0.21051497147895798,1,2,1,0,-0.5009930513320769,0.2734985070878224,True,False,False,False,False,False,True,False,False
-1.3882211056269762,0,2,1,1,-0.7139520455044591,-0.742595017696657,False,True,False,False,False,True,False,False,False
0.42363448536997494,1,3,1,2,1.5660939870054749,-0.2345482553044173,True,False,False,False,False,True,False,False,False
0.0612633671705847,1,3,2,2,1.4137665518066003,0.2734985070878224,False,True,False,False,False,False,False,False,False
-0.3917005305786531,1,3,0,0,2.154818939260584,1.289592031872302,True,False,True,False,False,False,False,False,False
1.3295622808684506,1,2,1,0,-0.610279565037412,0.2734985070878224,True,False,False,False,False,False,False,False,False
-1.1164427669774335,0,2,1,3,-1.0470513509761994,-0.48857163650053714,False,True,False,False,True,False,False,False,False
-1.207035546527281,0,1,1,0,-0.7229344986857196,-0.742595017696657,False,True,False,False,False,True,False,False,False
-0.7540716487780433,0,2,1,0,0.156971644195248,2.3056855566567815,True,False,False,False,False,False,False,False,False
-0.6634788692281958,0,2,2,2,-0.3411802384821522,-0.2345482553044173,True,False,True,False,False,False,False,False,False
-0.029329412379262863,0,2,1,0,-0.7105836255614865,-0.742595017696657,True,False,False,False,False,False,True,False,False
0.7860056035693652,0,1,1,2,-0.909320402196873,-1.0812928592914834,True,False,False,False,False,False,True,False,False
-0.5728860896783482,1,2,1,1,1.383825041202399,1.289592031872302,True,False,False,False,True,False,False,False,False
2.4166756354666212,1,2,3,0,-0.6929929880815182,-1.2506417800888967,True,False,False,True,False,False,False,False,False
0.0612633671705847,1,2,1,2,-0.862911060760361,-0.2345482553044173,True,False,True,False,False,False,False,False,False
0.3330417058201274,1,1,1,1,0.07800090997666691,-1.0812928592914834,True,False,True,False,False,False,False,False,False
-0.9352572078777385,1,2,3,2,0.008761166704451253,-0.2345482553044173,False,True,False,False,False,False,True,False,False
-0.30110775102880555,1,2,0,0,-0.19746098758198563,-0.2345482553044173,True,False,True,False,False,False,False,False,False
0.15185614672043227,1,3,0,2,0.5697902216506743,0.2734985070878224,True,False,False,False,False,False,False,False,False
-0.30110775102880555,1,1,1,2,-0.7068409367359614,-0.2345482553044173,True,False,False,False,False,False,True,False,False
0.15185614672043227,1,2,1,1,0.18204765932626665,-1.2506417800888967,False,True,True,False,False,False,False,False,False
0.0612633671705847,1,2,0,0,1.3295560532322839,0.7815452694800622,True,False,False,False,False,False,True,False,False
-1.3882211056269762,0,1,1,2,-0.1765019301590447,0.2734985070878224,False,True,True,False,False,False,False,False,False
-1.2976283260771286,1,2,1,0,4.664666065657763,3.321779081441261,True,False,False,False,False,False,True,False,False
-0.029329412379262863,1,2,3,0,-0.2966422414584027,0.2734985070878224,True,False,False,False,False,False,True,False,False
-0.11992219192911042,0,3,1,2,-0.42127377934839083,0.2734985070878224,True,False,False,False,False,True,False,False,False
0.9671911626690604,1,2,1,2,-0.7360339095750577,-0.742595017696657,False,True,True,False,False,False,False,False,False
1.057783942218908,1,1,3,0,-0.7012269034976736,-0.48857163650053714,True,False,False,False,False,False,True,False,False
-0.3917005305786531,1,2,1,1,-0.010700815188279632,0.2734985070878224,False,True,False,False,False,False,False,False,False
-0.4822933101285007,1,2,1,2,-0.4444784500666469,-0.742595017696657,False,True,True,False,False,False,False,False,False
-0.029329412379262863,0,2,0,1,-0.67689942613176,0.2734985070878224,True,False,True,False,False,False,False,False,False
-0.7540716487780433,1,0,4,3,-0.9284081152070515,-1.2506417800888967,True,False,True,False,False,False,False,False,False
0.0612633671705847,1,2,0,2,-0.37748432008974636,0.7815452694800622,True,False,True,False,False,False,False,False,False
-0.21051497147895798,1,2,1,0,1.0780473641569925,-0.2345482553044173,True,False,False,False,False,False,True,False,False
-1.025849987427586,1,1,1,1,-0.6151450605105947,0.2734985070878224,False,True,False,False,False,False,True,False,False
-0.4822933101285007,0,2,4,0,-0.8344666256863696,-0.48857163650053714,True,False,False,False,False,True,False,False,False
-0.11992219192911042,1,2,4,2,0.11467926046681358,0.7815452694800622,True,False,False,False,False,True,False,False,False
2.507268415016469,1,2,1,3,-0.9014607556632702,-0.9119439384940703,False,False,True,False,False,False,False,False,False
0.6048200444696701,1,1,1,0,-0.6492035288228737,-1.41999070088631,True,False,True,False,False,False,False,False,False
1.5107478399681458,0,3,0,0,-0.39544922645226716,-0.742595017696657,False,False,True,False,False,False,False,False,False
2.054304517267231,0,1,1,1,1.105368992583326,2.3056855566567815,False,False,True,False,False,False,False,False,False
-0.029329412379262863,1,2,1,2,-0.4755427673185058,-0.9966183988927769,False,True,False,False,False,True,False,False,False
3.141417871865402,1,3,1,2,1.5413922407570086,-0.9119439384940703,False,False,True,False,False,False,False,False,False
-0.11992219192911042,0,2,1,0,0.4732288499521249,1.289592031872302,True,False,False,False,False,False,True,False,False
-0.029329412379262863,1,3,1,2,1.4066554430381024,1.289592031872302,False,True,True,False,False,False,False,False,False
-0.8446644283278909,1,2,0,0,-0.27867733509588183,-0.742595017696657,False,True,True,False,False,False,False,False,False
-0.9352572078777385,0,3,1,1,1.824713784849264,1.289592031872302,True,False,False,False,True,False,False,False,False
-0.11992219192911042,1,2,1,1,0.29021136638394407,1.7976387942645415,True,False,False,False,False,False,True,False,False
-0.029329412379262863,1,1,1,0,-0.18922707216583026,0.2734985070878224,True,False,False,False,False,False,True,False,False
-0.9352572078777385,1,0,1,1,-0.2681978063844114,-0.2345482553044173,True,False,False,False,False,True,False,False,False
-0.30110775102880555,1,2,0,0,-0.07919202069539025,0.2734985070878224,True,False,False,False,False,False,False,False,False
-0.4822933101285007,1,2,1,2,-0.9546069369857276,-0.742595017696657,True,False,False,False,False,False,False,True,False
-1.207035546527281,1,2,1,2,-0.43063050141220377,0.2734985070878224,True,False,False,False,False,False,True,False,False
0.15185614672043227,1,1,0,3,-0.6907473747862031,0.2734985070878224,True,False,True,False,False,False,False,False,False
-1.1164427669774335,0,2,1,1,-1.0260922935532584,-1.2506417800888967,True,False,False,False,True,False,False,False,False
-0.4822933101285007,1,2,2,2,-0.12260721107148223,1.289592031872302,False,False,True,False,False,False,False,False,False
-1.025849987427586,1,2,1,1,2.2760820572075997,1.289592031872302,True,False,True,False,False,False,False,False,False
-0.11992219192911042,1,1,1,1,3.2967132999283137,0.7815452694800622,True,False,False,False,False,False,False,True,False
-0.3917005305786531,1,1,1,2,-0.47217434737553315,-0.2345482553044173,True,False,False,False,False,True,False,False,False
1.9637117377173834,0,1,3,3,-0.7229344986857196,0.2734985070878224,True,False,False,False,False,False,True,False,False
-1.207035546527281,1,1,1,2,-1.0904665413522914,-0.9966183988927769,False,True,True,False,False,False,False,False,False
-0.7540716487780433,1,1,0,0,-0.7038467856755412,-0.9119439384940703,True,False,True,False,False,False,False,False,False
0.3330417058201274,1,3,1,0,1.223263690587369,-0.2345482553044173,True,False,True,False,False,False,False,False,False
-0.3917005305786531,0,2,1,0,2.386491377560592,1.289592031872302,True,False,False,False,False,False,True,False,False
-0.6634788692281958,1,1,1,2,-1.0126186137813677,-1.2506417800888967,True,False,False,False,False,False,True,False,False
1.691933399067841,1,2,1,1,-0.6664198974202895,-0.742595017696657,True,False,True,False,False,False,False,False,False
-1.207035546527281,1,2,1,2,-0.6956128702593858,-0.742595017696657,True,False,False,False,False,False,True,False,False
0.0612633671705847,1,2,1,0,0.36506514289444747,-0.2345482553044173,True,False,False,False,False,False,False,False,False
0.0612633671705847,1,2,1,1,0.26775523343079305,-0.8272694780953637,False,True,True,False,False,False,False,False,False
0.2424489262702798,1,2,0,0,0.2711236533737657,2.3056855566567815,True,False,False,False,False,False,False,False,False
-0.3917005305786531,1,1,1,1,-0.030537065963563037,0.7815452694800622,True,False,False,False,False,True,False,False,False
-0.30110775102880555,0,2,0,1,-0.7128292388568016,0.2734985070878224,False,True,True,False,False,False,False,False,False
-0.7540716487780433,0,0,1,1,-0.9130630910223982,-0.2345482553044173,True,False,False,False,True,False,False,False,False
0.0612633671705847,1,2,2,0,-0.11886452224595706,0.2734985070878224,True,False,False,False,False,False,True,False,False
-0.8446644283278909,0,2,1,1,-0.028291452668247934,-0.2345482553044173,False,True,False,False,False,True,False,False,False
1.238969501318603,1,2,0,1,-0.08443178505112549,0.2734985070878224,False,False,True,False,False,False,False,False,False
-0.8446644283278909,1,1,0,0,-0.9007122178981651,-1.2506417800888967,True,False,True,False,False,False,False,False,False
-0.7540716487780433,1,3,1,1,-0.6615544019471068,-0.9966183988927769,False,False,True,False,False,False,False,False,False
-0.7540716487780433,1,2,1,2,-0.6731567373062348,-0.9966183988927769,True,False,False,False,False,False,False,False,False
-1.025849987427586,1,2,1,1,2.410070317161401,1.289592031872302,True,False,True,False,False,False,False,False,False
1.3295622808684506,1,2,1,0,-0.6046655317991242,-0.742595017696657,True,False,False,False,False,True,False,False,False
-1.1164427669774335,0,1,1,2,0.14349796442335738,-0.742595017696657,True,False,False,False,False,False,True,False,False
-0.4822933101285007,1,3,2,2,-0.4755427673185058,0.7815452694800622,True,False,False,False,False,False,True,False,False
1.238969501318603,1,1,1,0,-0.9542326681031751,-0.742595017696657,True,False,True,False,False,False,False,False,False
-0.4822933101285007,1,3,1,2,0.47360311883467743,1.289592031872302,True,False,False,False,False,False,False,False,False
0.9671911626690604,1,2,4,0,-0.7637298068839439,-0.2345482553044173,True,False,False,False,False,False,True,False,False
2.326082855916774,1,2,4,2,-0.6278702025173802,-0.48857163650053714,True,False,False,False,False,False,False,True,False
1.7825261786176885,1,2,4,0,-0.6649228218900795,-0.742595017696657,True,False,True,False,False,False,False,False,False
2.1448972968170787,0,2,0,0,0.6944217595406624,-0.48857163650053714,True,False,True,False,False,False,False,False,False
-0.8446644283278909,1,2,1,2,-0.6608058641820017,-0.742595017696657,True,False,False,True,False,False,False,False,False
-0.8446644283278909,1,2,0,0,0.7703983426988235,0.01947512589170256,True,False,True,False,False,False,False,False,False
-1.3882211056269762,0,2,1,1,-0.43063050141220377,-0.2345482553044173,False,True,False,False,False,True,False,False,False
-0.30110775102880555,1,2,1,1,-0.46843165855000796,0.2734985070878224,True,False,False,False,False,False,True,False,False
3.503788990064792,0,3,1,2,0.725860345675074,-0.9966183988927769,False,False,True,False,False,False,False,False,False
-0.029329412379262863,1,3,1,0,0.2209716231117284,-0.2345482553044173,True,False,False,False,False,True,False,False,False
-0.21051497147895798,1,2,1,0,0.7337199922086768,0.2734985070878224,True,False,False,False,False,True,False,False,False
-0.11992219192911042,0,2,4,0,-0.6230047070441975,0.2734985070878224,True,False,True,False,False,False,False,False,False
-0.11992219192911042,1,2,1,0,-0.16115690597439147,-0.742595017696657,True,False,False,False,False,True,False,False,False
0.0612633671705847,1,1,1,1,-0.6795193083096276,-1.2506417800888967,True,False,False,False,False,True,False,False,False
-0.4822933101285007,1,2,1,0,0.5492054331102859,-0.48857163650053714,True,False,True,False,False,False,False,False,False
1.1483767217687555,1,2,1,1,-0.7888058220149625,-0.742595017696657,True,False,True,False,False,False,False,False,False
-0.4822933101285007,1,2,1,1,-0.5941860030876537,0.01947512589170256,True,False,True,False,False,False,False,False,False
1.1483767217687555,1,2,2,1,-0.7117064322091441,-0.9966183988927769,True,False,False,False,False,False,False,True,False
-0.9352572078777385,0,1,1,2,-0.6866304170781254,0.2734985070878224,True,False,True,False,False,False,False,False,False
-0.4822933101285007,1,2,2,2,0.14087808224548978,2.3056855566567815,True,False,False,False,False,False,False,False,False
-1.4788138851768238,0,2,1,0,-0.45271236548280225,-0.9966183988927769,False,True,False,False,False,True,False,False,False
-0.8446644283278909,0,2,1,2,2.533953317286284,2.3056855566567815,True,False,False,False,False,True,False,False,False
-1.207035546527281,1,2,2,2,-0.036525368084403306,0.2734985070878224,False,True,False,False,False,False,True,False,False
-0.30110775102880555,1,2,4,2,-0.16639667033012673,0.01947512589170256,True,False,False,False,False,True,False,False,False
1.1483767217687555,0,1,2,3,-0.7296713385716649,-0.9119439384940703,False,False,True,False,False,False,False,False,False
-0.029329412379262863,0,2,4,0,-0.5979286919131789,-0.742595017696657,True,False,False,False,False,True,False,False,False
0.7860056035693652,1,1,1,2,1.1281993944190298,-0.2345482553044173,True,False,False,False,False,False,False,True,False
-0.6634788692281958,0,2,3,0,-0.6787707705445225,0.2734985070878224,True,False,False,False,False,False,True,False,False
0.42363448536997494,1,2,0,0,-0.6750280817189974,-0.48857163650053714,False,True,False,False,False,False,True,False,False
0.42363448536997494,1,3,2,0,0.5364802911035003,-0.48857163650053714,True,False,False,False,True,False,False,False,False
0.2424489262702798,1,3,1,1,2.7820935864186027,0.7815452694800622,False,False,True,False,False,False,False,False,False
-1.2976283260771286,1,2,1,0,-0.5328059063490409,-1.2506417800888967,False,True,False,False,False,True,False,False,False
-0.8446644283278909,0,2,1,3,0.20936928775260039,0.2734985070878224,True,False,False,False,False,True,False,False,False
1.3295622808684506,1,2,3,0,-0.7311684141018749,-1.2506417800888967,False,True,True,False,False,False,False,False,False
-0.7540716487780433,1,2,1,0,0.2471704448904046,-0.2345482553044173,True,False,True,False,False,False,False,False,False
0.9671911626690604,1,2,4,0,-0.6016713807387041,-0.2345482553044173,True,False,False,False,False,False,True,False,False
0.3330417058201274,0,1,4,1,-0.9445016771568097,-1.2506417800888967,True,False,True,False,False,False,False,False,False
-1.1164427669774335,0,2,2,2,-0.612525178332727,0.2734985070878224,False,True,False,False,False,False,True,False,False
-1.025849987427586,0,2,1,2,0.9556614395623194,0.2734985070878224,False,False,False,False,True,False,False,False,False
2.7790467536660115,1,1,3,2,-0.9070747889015579,-0.742595017696657,True,False,False,False,False,False,True,False,False
0.2424489262702798,1,1,1,0,-0.634232773520773,-0.742595017696657,True,False,True,False,False,False,False,False,False
0.5142272649198225,1,2,2,2,-0.25696973990783584,0.7815452694800622,True,False,False,False,False,False,False,False,False
-0.9352572078777385,0,1,1,2,0.5787726748319347,0.2734985070878224,True,False,False,False,False,True,False,False,False
0.3330417058201274,1,2,0,3,-0.7180690032125369,-0.48857163650053714,False,False,False,False,False,False,True,False,False
-0.7540716487780433,1,3,0,2,2.2334154045966126,3.321779081441261,False,False,False,False,False,False,True,False,False
-1.1164427669774335,1,2,4,0,0.0667728435000914,-0.48857163650053714,False,True,True,False,False,False,False,False,False
-1.025849987427586,0,1,2,0,3.144011595846887,2.3056855566567815,False,True,True,False,False,False,False,False,False
0.0612633671705847,1,2,3,0,-0.7214374231555095,-0.48857163650053714,True,False,False,True,False,False,False,False,False
-0.5728860896783482,1,2,2,2,-0.655940368708819,-0.9966183988927769,True,False,True,False,False,False,False,False,False
-0.029329412379262863,1,2,2,0,-0.1634025192697066,-0.9966183988927769,True,False,False,False,False,False,True,False,False
0.0612633671705847,1,2,1,1,-0.5496480060639042,-0.48857163650053714,True,False,True,False,False,False,False,False,False
0.15185614672043227,1,3,0,3,0.07837517885921942,-0.742595017696657,True,False,False,False,False,False,True,False,False
2.326082855916774,1,2,0,2,-0.7300456074542174,-0.2345482553044173,False,False,False,False,True,False,False,False,False
-0.21051497147895798,1,2,1,3,-0.325835214297499,0.01947512589170256,False,True,False,False,True,False,False,False,False
0.15185614672043227,1,1,1,3,0.2842230642631038,-0.9119439384940703,True,False,True,False,False,False,False,False,False
-0.30110775102880555,1,2,1,0,-0.6128994472152796,0.2734985070878224,True,False,False,False,False,False,True,False,False
0.3330417058201274,1,2,1,0,-0.6424666889369284,-0.2345482553044173,True,False,False,False,False,False,True,False,False
-0.3917005305786531,1,2,1,0,-0.6847590726653628,-0.48857163650053714,True,False,False,False,False,False,True,False,False
1.6013406195179933,0,2,1,1,-0.896220991307535,-0.742595017696657,True,False,False,False,True,False,False,False,False
0.6048200444696701,1,3,1,0,2.6859064836026056,3.321779081441261,True,False,True,False,False,False,False,False,False
-0.3917005305786531,1,2,2,0,0.1614628707858782,0.2734985070878224,True,False,False,False,False,False,True,False,False
0.6954128240195177,1,2,0,0,-0.3714960179689061,0.2734985070878224,True,False,True,False,False,False,False,False,False
-1.1164427669774335,0,2,1,1,-0.6540690242960564,0.2734985070878224,False,True,True,False,False,False,False,False,False
-0.21051497147895798,1,3,1,0,0.6191937141476066,2.3056855566567815,False,True,False,False,False,False,False,False,False
0.2424489262702798,1,3,1,0,1.7307722953285822,0.2734985070878224,True,False,True,False,False,False,False,False,False
0.0612633671705847,0,2,1,0,-0.8090163416727985,-0.2345482553044173,True,False,True,False,False,False,False,False,False
-0.3917005305786531,1,2,0,3,-0.015566310661462354,0.2734985070878224,True,False,False,False,False,False,True,False,False
-0.5728860896783482,0,2,4,2,1.7098132379056414,0.2734985070878224,False,True,True,False,False,False,False,False,False
-0.8446644283278909,1,2,1,1,-0.6903731059036505,-0.2345482553044173,True,False,False,False,False,False,True,False,False
-0.30110775102880555,0,1,2,2,-0.8453204232803926,-1.2506417800888967,True,False,True,False,False,False,False,False,False
-0.8446644283278909,1,1,2,0,0.4051119133275668,0.7815452694800622,True,False,False,False,False,False,False,False,False
-0.30110775102880555,1,2,1,0,0.5256264935094773,-0.2345482553044173,True,False,False,False,False,False,True,False,False
-0.4822933101285007,1,3,0,1,4.112993732775354,1.5436154130684216,True,False,False,False,False,True,False,False,False
1.5107478399681458,1,3,0,2,1.2270063794128943,-0.742595017696657,True,False,False,False,False,False,True,False,False
-0.8446644283278909,1,2,1,2,-0.744267824991213,0.2734985070878224,True,False,True,False,False,False,False,False,False
0.7860056035693652,1,3,1,1,0.07276114562093167,-1.2506417800888967,False,True,False,False,False,True,False,False,False
-1.025849987427586,0,2,1,0,-0.8449461543978402,-1.2506417800888967,True,False,False,False,False,False,True,False,False
-0.21051497147895798,1,2,2,0,-0.6420924200543758,0.2734985070878224,True,False,True,False,False,False,False,False,False
1.5107478399681458,1,2,1,0,-0.04213940132269106,-0.742595017696657,True,False,False,False,False,False,True,False,False
0.0612633671705847,1,3,3,2,-0.3082445768175307,-0.742595017696657,True,False,True,False,False,False,False,False,False
1.057783942218908,1,2,2,2,3.526514393815559,1.289592031872302,False,False,False,False,True,False,False,False,False
1.057783942218908,1,2,1,2,-0.3131100722907134,0.01947512589170256,True,False,True,False,False,False,False,False,False
0.3330417058201274,1,1,1,0,1.5114507301528073,-0.8272694780953637,True,False,True,False,False,False,False,False,False
-0.7540716487780433,1,2,1,1,-0.5736012145472653,-0.742595017696657,True,False,False,False,False,True,False,False,False
0.2424489262702798,1,2,0,2,1.3067256513965804,2.3056855566567815,False,False,False,False,False,False,False,False,False
1.057783942218908,0,2,2,3,-0.6783965016619701,0.2734985070878224,False,False,False,False,False,False,True,False,False
-0.11992219192911042,1,2,0,0,1.2490882434834927,3.321779081441261,False,False,True,False,False,False,False,False,False
2.507268415016469,1,2,1,1,1.3647373281922206,3.321779081441261,True,False,False,False,False,False,False,False,False
-0.7540716487780433,0,2,2,2,-0.8378350456293423,-0.742595017696657,False,True,False,False,False,True,False,False,False
-1.207035546527281,0,2,1,1,0.1655798284939559,0.2734985070878224,False,True,True,False,False,False,False,False,False
-0.11992219192911042,0,2,1,0,-0.6349813112858781,-0.742595017696657,True,False,False,False,False,False,True,False,False
0.3330417058201274,0,2,1,1,-0.8718935139416214,-1.2506417800888967,True,False,True,False,False,False,False,False,False
-0.9352572078777385,1,2,1,0,-0.7229344986857196,0.2734985070878224,True,False,False,False,False,False,False,False,False
-0.21051497147895798,1,1,2,1,-0.9216712753211062,-0.742595017696657,True,False,False,False,False,False,True,False,False
-0.4822933101285007,0,3,0,1,1.4912402104949714,1.7976387942645415,True,False,False,False,False,False,True,False,False
0.9671911626690604,1,2,1,0,-0.5092269667482323,-0.48857163650053714,True,False,False,False,False,False,True,False,False
-0.029329412379262863,1,2,1,0,0.9927140589350185,1.289592031872302,True,False,True,False,False,False,False,False,False
-0.3917005305786531,1,2,1,2,-0.4695544651976655,0.2734985070878224,True,False,False,False,False,False,False,False,False
-0.30110775102880555,1,1,1,0,-0.7330397585146375,-0.9119439384940703,True,False,True,False,False,False,False,False,False
-0.30110775102880555,0,1,2,1,-0.7139520455044591,0.2734985070878224,True,False,False,False,False,False,True,False,False
-0.8446644283278909,0,2,0,2,-0.5518936193592193,0.7815452694800622,True,False,False,False,False,False,True,False,False
0.3330417058201274,0,1,0,2,-0.8449461543978402,-1.2506417800888967,True,False,False,False,True,False,False,False,False
-1.1164427669774335,1,2,0,2,-0.6533204865309514,-0.48857163650053714,True,False,False,False,False,False,True,False,False
-0.029329412379262863,0,3,1,0,-0.6724081995411297,-0.8272694780953637,True,False,True,False,False,False,False,False,False
-0.3917005305786531,1,2,1,0,-0.6724081995411297,0.2734985070878224,True,False,True,False,False,False,False,False,False
0.0612633671705847,1,2,1,2,-0.3190983744115537,1.289592031872302,True,False,False,False,False,False,True,False,False
-0.4822933101285007,1,2,1,0,-0.5425368972954063,-1.2506417800888967,False,True,False,False,False,False,True,False,False
-0.9352572078777385,0,2,1,0,-0.35615099378425286,-0.2345482553044173,True,False,False,False,False,False,True,False,False
1.238969501318603,1,2,0,0,-0.3213439877068688,-0.742595017696657,True,False,False,False,False,False,True,False,False
-0.8446644283278909,0,2,1,0,-0.6742795439538923,-0.9966183988927769,False,True,False,False,False,True,False,False,False
-0.9352572078777385,1,2,1,2,4.203566802353063,2.3056855566567815,True,False,False,False,False,False,False,False,False
-0.029329412379262863,1,2,2,0,-0.7431450183435555,-1.2506417800888967,False,True,True,False,False,False,False,False,False
0.15185614672043227,1,2,1,0,0.12927574688636173,1.289592031872302,True,False,True,False,False,False,False,False,False
-0.3917005305786531,1,2,4,1,0.17269093726245371,-0.742595017696657,True,False,True,False,False,False,False,False,False
0.9671911626690604,1,2,3,0,-0.9216712753211062,-0.9119439384940703,False,False,False,False,True,False,False,False,False
-0.4822933101285007,1,3,3,0,-0.32059544994176375,0.7815452694800622,True,False,False,False,False,False,True,False,False
-0.8446644283278909,1,2,2,1,-0.6765251572492075,0.2734985070878224,True,False,False,False,False,False,False,False,False
0.42363448536997494,1,1,1,1,-0.9314022662674716,-0.742595017696657,True,False,False,False,False,False,True,False,False
-0.3917005305786531,1,2,1,3,0.48033995872062274,1.289592031872302,True,False,False,False,False,False,True,False,False
-0.11992219192911042,1,1,1,3,-0.12185867330637719,-0.2345482553044173,True,False,False,False,False,True,False,False,False
1.5107478399681458,1,2,2,0,-0.3617650270225406,0.2734985070878224,True,False,False,False,False,False,True,False,False
-0.3917005305786531,0,2,2,0,-0.6203848248663298,-0.48857163650053714,True,False,False,False,True,False,False,False,False
-0.7540716487780433,1,2,1,0,-0.7816947132464648,-0.742595017696657,True,False,True,False,False,False,False,False,False
0.15185614672043227,1,2,1,2,-0.8936011091296674,-0.48857163650053714,True,False,False,False,False,False,True,False,False
-0.8446644283278909,1,2,2,0,-0.7030982479104362,0.2734985070878224,True,False,False,False,False,False,True,False,False
-0.9352572078777385,0,2,1,0,1.7461173195132356,1.289592031872302,True,False,True,False,False,False,False,False,False
0.15185614672043227,0,2,4,0,-0.7120807010916965,0.2734985070878224,True,False,True,False,False,False,False,False,False
1.238969501318603,1,1,1,2,-0.024548763842722764,-0.742595017696657,True,False,True,False,False,False,False,False,False
-0.21051497147895798,1,2,2,1,-0.3108644589953983,0.2734985070878224,True,False,False,False,False,True,False,False,False
-0.9352572078777385,0,2,1,0,0.2928312485618117,0.2734985070878224,False,True,False,False,False,True,False,False,False
-0.6634788692281958,1,2,0,2,-0.4875193715601863,-0.2345482553044173,True,False,False,False,False,False,False,False,False
-0.3917005305786531,1,1,1,2,-0.6245017825744076,-0.9119439384940703,True,False,False,False,False,True,False,False,False
-1.025849987427586,1,2,2,2,1.261439116607726,2.3056855566567815,True,False,True,False,False,False,False,False,False
-0.6634788692281958,1,2,1,0,-0.9033321000760328,-0.742595017696657,True,False,False,False,False,False,True,False,False
-0.21051497147895798,0,1,0,2,0.002024326818505947,-0.9966183988927769,True,False,True,False,False,False,False,False,False
1.057783942218908,1,1,1,1,-0.9201741997908961,-1.0812928592914834,True,False,True,False,False,False,False,False,False
-0.21051497147895798,1,2,1,2,-0.6645485530075269,-1.0812928592914834,True,False,False,False,False,False,True,False,False
0.6954128240195177,0,1,1,0,-0.6477064532926636,-0.48857163650053714,True,False,False,False,False,False,True,False,False
1.1483767217687555,1,2,1,0,-0.3950749575697146,-0.9966183988927769,True,False,True,False,False,False,False,False,False
-0.6634788692281958,1,2,4,1,-0.1985837942296432,-0.2345482553044173,True,False,False,False,False,True,False,False,False
-0.9352572078777385,0,2,1,2,-0.7090865500312764,-0.742595017696657,False,True,True,False,False,False,False,False,False
-0.30110775102880555,1,2,1,0,-0.6211333626314349,-0.2345482553044173,True,False,True,False,False,False,False,False,False
-0.11992219192911042,1,1,2,2,0.24492483159508951,2.3056855566567815,False,False,False,False,False,False,False,False,False
-1.1164427669774335,0,2,1,0,-0.4665603141372454,-0.2345482553044173,True,False,False,False,False,False,False,True,False
2.507268415016469,1,1,1,0,-0.5743497523123703,-0.742595017696657,True,False,False,False,False,False,True,False,False
-1.2976283260771286,0,2,1,1,-0.8011566951391956,-0.2345482553044173,False,True,False,False,False,True,False,False,False
-0.8446644283278909,1,2,1,0,0.7213691190844437,0.5275218882839423,True,False,False,False,False,False,False,False,False
-0.7540716487780433,1,1,1,1,-0.7566186981154461,-0.742595017696657,True,False,True,False,False,False,False,False,False
-0.4822933101285007,1,3,0,0,3.55196467782913,0.01947512589170256,False,False,True,False,False,False,False,False,False
-0.5728860896783482,1,2,1,0,-0.16714520809523176,0.6121963486826489,True,False,False,False,False,False,True,False,False
-0.029329412379262863,1,1,2,1,0.44553295264323867,-0.2345482553044173,True,False,True,False,False,False,False,False,False
0.5142272649198225,1,1,3,0,-0.22815103595129205,0.01947512589170256,True,False,False,False,False,False,False,False,False
-0.9352572078777385,1,2,2,2,-0.7206888853904044,-0.48857163650053714,False,True,True,False,False,False,False,False,False
-1.1164427669774335,0,1,1,1,1.1375561164828427,1.289592031872302,False,True,False,False,False,True,False,False,False
-1.025849987427586,0,2,1,1,0.00015298240574336175,-0.2345482553044173,True,False,False,False,False,False,True,False,False
-1.025849987427586,0,3,2,2,1.5788191290122604,3.321779081441261,True,False,True,False,False,False,False,False,False
-0.7540716487780433,1,2,1,1,0.3107961549243325,0.2734985070878224,True,False,False,False,False,True,False,False,False
-0.9352572078777385,1,2,0,1,1.8273336670271318,0.7815452694800622,True,False,False,False,False,False,False,False,False
-1.3882211056269762,1,2,1,0,-0.7023497101453311,-0.9966183988927769,True,False,False,False,False,True,False,False,False
0.8765983831192128,1,1,1,1,-1.0668876017514828,-0.742595017696657,True,False,False,False,True,False,False,False,False
2.326082855916774,1,1,2,2,-0.15816275491397136,0.01947512589170256,False,True,False,False,False,False,False,False,False
1.7825261786176885,0,3,1,1,-0.22889957371639708,-0.742595017696657,False,False,False,False,False,True,False,False,False
-1.1164427669774335,0,2,3,1,0.40848033327053945,1.035568650676182,True,False,False,False,False,True,False,False,False
0.7860056035693652,0,3,1,2,3.514163520691326,0.2734985070878224,False,False,True,False,False,False,False,False,False
0.0612633671705847,1,3,1,1,-0.46768312078490293,-0.2345482553044173,False,False,False,False,False,False,True,False,False
0.7860056035693652,1,2,1,1,-0.612525178332727,-0.2345482553044173,True,False,False,False,False,True,False,False,False
-0.029329412379262863,0,2,1,1,-0.7453906316388705,-1.2506417800888967,False,False,False,False,True,False,False,False,False
1.057783942218908,1,2,3,0,-0.7397765984005829,-0.48857163650053714,True,False,False,False,False,False,True,False,False
-0.5728860896783482,1,2,0,0,1.488246059434551,1.7976387942645415,False,True,False,False,False,False,True,False,False
-0.029329412379262863,1,3,1,0,-0.1944668365215655,0.2734985070878224,True,False,True,False,False,False,False,False,False
-0.11992219192911042,1,1,2,0,-0.5414140906477488,-1.2506417800888967,True,False,False,False,False,False,False,False,False
1.5107478399681458,1,1,1,1,-0.32733228982770907,-0.9119439384940703,True,False,False,False,False,False,True,False,False
0.5142272649198225,1,1,2,0,-0.6439637644671384,0.2734985070878224,False,True,True,False,False,False,False,False,False
-1.025849987427586,1,2,1,3,-0.06496980315839461,-0.742595017696657,True,False,False,False,False,False,True,False,False
-0.7540716487780433,1,2,4,0,2.0298131324880435,0.5275218882839423,True,False,True,False,False,False,False,False,False
2.326082855916774,1,1,4,0,-0.04887624120863637,-0.742595017696657,True,False,False,False,False,False,True,False,False
-0.4822933101285007,0,2,1,0,-0.7989110818438805,-0.2345482553044173,True,False,True,False,False,False,False,False,False
2.688453974116164,1,2,0,0,-0.8456946921629451,-0.742595017696657,True,False,False,False,False,False,True,False,False
0.9671911626690604,1,3,0,0,1.3669829414875356,0.2734985070878224,True,False,True,False,False,False,False,False,False
2.688453974116164,1,2,1,1,-0.2206656583002417,-0.2345482553044173,False,False,False,False,False,False,True,False,False
-0.4822933101285007,1,2,3,1,0.05966173473159357,0.2734985070878224,False,False,False,False,False,True,False,False,False
2.7790467536660115,0,1,3,2,-0.8980923357202976,-0.9966183988927769,True,False,False,False,False,False,True,False,False
-0.5728860896783482,1,2,0,0,-0.7562444292328936,-0.2345482553044173,True,False,False,False,False,False,True,False,False
-0.7540716487780433,1,2,0,3,-0.6896245681385456,-0.9119439384940703,True,False,False,False,False,False,True,False,False
-0.4822933101285007,1,2,2,2,-0.0451335523831112,0.2734985070878224,False,False,False,False,False,True,False,False,False
0.3330417058201274,1,2,0,1,-0.3658819847306183,-0.06519933450700406,True,False,False,False,False,True,False,False,False
0.42363448536997494,0,2,1,2,-0.07058383639668236,-0.2345482553044173,False,True,False,False,False,True,False,False,False
-0.21051497147895798,1,2,0,0,-0.04326220797034862,-0.9966183988927769,True,False,False,False,False,False,True,False,False
1.9637117377173834,0,2,4,1,0.16183713966843072,0.7815452694800622,False,True,False,False,False,True,False,False,False
0.2424489262702798,1,2,1,3,-0.8393321211595524,0.2734985070878224,False,False,True,False,False,False,False,False,False
-1.025849987427586,1,1,1,1,-0.36513344696551325,-0.742595017696657,True,False,False,False,False,False,True,False,False
1.1483767217687555,1,1,1,2,-0.5414140906477488,0.2734985070878224,True,False,False,False,False,False,True,False,False
0.7860056035693652,0,1,1,3,-0.48976498485550146,-0.742595017696657,False,True,False,False,False,False,True,False,False
1.5107478399681458,1,2,1,0,-0.9254139641466312,-0.742595017696657,True,False,False,False,False,False,True,False,False
-0.6634788692281958,1,1,1,1,-0.9489929037474398,-0.9966183988927769,True,False,True,False,False,False,False,False,False
-0.4822933101285007,0,2,3,2,1.9343745674371515,2.3056855566567815,True,False,True,False,False,False,False,False,False
-1.2976283260771286,1,2,1,1,-0.8561742208744156,-0.742595017696657,False,True,False,False,True,False,False,False,False
0.0612633671705847,1,3,1,1,0.7906088623566594,-0.2345482553044173,False,False,True,False,False,False,False,False,False
-0.8446644283278909,0,0,1,3,-0.9658350034623031,-0.742595017696657,True,False,False,False,False,False,False,False,False
-0.5728860896783482,0,2,1,1,-0.48527375826487124,-0.742595017696657,True,False,True,False,False,False,False,False,False
0.0612633671705847,1,2,3,0,-0.8535543386965481,1.289592031872302,True,False,True,False,False,False,False,False,False
-0.5728860896783482,0,2,1,2,-0.8348408945689222,-0.9966183988927769,True,False,False,False,False,True,False,False,False
0.9671911626690604,1,3,0,0,1.6615325520563666,2.3056855566567815,True,False,False,False,False,False,False,False,False
0.0612633671705847,1,2,3,0,0.31903007034048786,1.7976387942645415,True,False,False,False,False,True,False,False,False
-0.11992219192911042,1,2,1,0,-0.32546094541494647,-0.2345482553044173,True,False,False,False,False,False,True,False,False
-1.025849987427586,1,2,1,2,-0.3243381387672889,1.289592031872302,False,True,False,False,False,False,True,False,False
-0.6634788692281958,1,1,1,0,-0.07357798745710249,0.01947512589170256,True,False,True,False,False,False,False,False,False
0.7860056035693652,0,3,1,1,1.2086672041678208,0.2734985070878224,False,False,True,False,False,False,False,False,False
-0.5728860896783482,1,2,2,2,-0.10988206906469665,0.2734985070878224,True,False,False,False,False,False,True,False,False
2.688453974116164,1,0,1,1,0.07650383444645684,1.7976387942645415,True,False,False,False,False,False,False,True,False
-0.3917005305786531,0,2,1,1,-0.46132054978151016,-1.2506417800888967,True,False,False,False,False,False,True,False,False
3.5943817696146394,0,3,0,1,-0.6795193083096276,-1.2506417800888967,True,False,True,False,False,False,False,False,False
-1.1164427669774335,0,2,2,0,0.23294822735340898,-0.48857163650053714,True,False,True,False,False,False,False,False,False
1.057783942218908,1,2,1,3,-0.06459553427584208,0.7815452694800622,True,False,False,False,False,False,True,False,False
-1.4788138851768238,0,1,4,2,-0.8258584413876617,-0.742595017696657,False,True,False,False,False,True,False,False,False
-0.9352572078777385,1,1,1,2,-0.9373905683883118,-0.742595017696657,True,False,True,False,False,False,False,False,False
-1.025849987427586,0,2,4,2,-1.031706326791546,-1.2506417800888967,False,True,False,False,True,False,False,False,False
0.42363448536997494,1,1,1,1,-0.9377648372708643,-0.742595017696657,False,True,False,False,True,False,False,False,False
3.503788990064792,1,0,1,3,-0.7075894745010664,-1.2506417800888967,True,False,True,False,False,False,False,False,False
-0.6634788692281958,1,2,1,0,-0.6649228218900795,0.2734985070878224,True,False,False,False,False,False,True,False,False
0.42363448536997494,1,1,1,2,-0.7614841935886288,-0.742595017696657,True,False,False,False,False,False,True,False,False
2.5978611945663164,1,1,0,0,0.24043360500445932,-0.9966183988927769,True,False,False,False,True,False,False,False,False
2.9602323127657066,1,2,0,0,1.3366671620007817,-0.2345482553044173,False,True,True,False,False,False,False,False,False
-0.30110775102880555,1,2,2,0,-0.12784697542721746,-0.9119439384940703,True,False,True,False,False,False,False,False,False
1.8731189581675358,0,2,1,0,-0.6181392115710148,-1.2506417800888967,True,False,False,False,True,False,False,False,False
0.9671911626690604,1,2,1,1,0.2774862243771585,2.3056855566567815,False,False,True,False,False,False,False,False,False
-0.029329412379262863,0,2,3,0,0.7988427777728148,-0.48857163650053714,False,False,True,False,False,False,False,False,False
0.15185614672043227,1,2,1,1,0.1610886019033257,1.289592031872302,True,False,False,False,False,True,False,False,False
1.7825261786176885,1,2,1,1,1.3782110079641112,0.2734985070878224,True,False,False,False,False,True,False,False,False
-0.029329412379262863,1,2,0,0,2.12150900871341,2.3056855566567815,False,False,True,False,False,False,False,False,False
0.2424489262702798,1,2,0,0,-0.16415105703481161,2.3056855566567815,True,False,True,False,False,False,False,False,False
0.0612633671705847,0,1,4,0,-0.6054140695642292,0.01947512589170256,True,False,False,False,False,False,False,False,False
1.4201550604182982,1,1,3,0,-0.2554726643776258,-0.9966183988927769,False,False,True,False,False,False,False,False,False
-0.7540716487780433,1,2,1,2,-0.13832650413868794,1.289592031872302,True,False,True,False,False,False,False,False,False
-0.3917005305786531,0,3,3,0,-0.1525487216756836,0.01947512589170256,True,False,True,False,False,False,False,False,False
0.6048200444696701,1,2,1,0,0.05292489484564827,-0.742595017696657,True,False,False,False,False,True,False,False,False
-0.8446644283278909,1,3,1,0,0.47659726989509754,1.289592031872302,True,False,False,False,False,False,True,False,False
-0.5728860896783482,0,2,4,1,0.06265588579201371,0.01947512589170256,True,False,False,False,False,False,True,False,False
-1.2976283260771286,1,1,1,1,-0.4500924833049346,0.2734985070878224,False,True,False,False,False,False,True,False,False
-1.025849987427586,1,1,1,1,-0.06309845874563202,0.2734985070878224,False,True,False,False,False,True,False,False,False
-1.207035546527281,0,1,1,1,-0.8921040335994572,-0.48857163650053714,True,False,False,False,False,False,False,False,False
-0.7540716487780433,1,2,4,2,2.9085964687213535,2.3056855566567815,True,False,False,False,False,False,True,False,False
1.9637117377173834,1,1,1,1,-0.9284081152070515,-0.742595017696657,True,False,False,False,False,False,True,False,False
-0.5728860896783482,0,1,1,1,-0.5728526767821602,0.2734985070878224,False,True,False,False,False,False,True,False,False
-0.7540716487780433,0,2,1,1,-0.2996363925188228,-0.2345482553044173,True,False,False,False,False,False,True,False,False
-0.9352572078777385,0,2,0,1,-0.6806421149572851,0.2734985070878224,False,True,True,False,False,False,False,False,False
0.15185614672043227,0,2,1,0,0.0712640700907216,-1.41999070088631,True,False,True,False,False,False,False,False,False
-0.9352572078777385,1,2,0,0,-0.8198701392668215,0.2734985070878224,True,False,False,False,False,False,True,False,False
-1.207035546527281,0,2,1,0,-0.5170866132818351,-0.2345482553044173,True,False,False,False,False,True,False,False,False
0.8765983831192128,1,3,2,0,2.0204564104242304,1.5436154130684216,True,False,True,False,False,False,False,False,False
-0.21051497147895798,1,3,1,2,0.46761481671383714,-0.2345482553044173,True,False,False,False,False,False,False,False,False
0.3330417058201274,1,1,2,2,-0.8056479217298258,-0.742595017696657,True,False,False,False,False,False,False,False,False
-0.8446644283278909,1,2,0,0,-0.41940243493562823,-0.9119439384940703,True,False,False,False,False,True,False,False,False
0.42363448536997494,1,3,0,1,-0.4538351721304598,1.289592031872302,True,False,False,False,True,False,False,False,False
-0.7540716487780433,1,1,1,2,-0.7888058220149625,-0.9966183988927769,True,False,False,False,False,False,True,False,False
-0.21051497147895798,0,1,0,0,-0.37561297567698376,-0.48857163650053714,False,True,False,False,False,True,False,False,False
2.7790467536660115,1,3,1,1,-0.622630438161645,-0.742595017696657,False,False,True,False,False,False,False,False,False
0.5142272649198225,1,1,1,0,-0.9246654263815263,-0.742595017696657,True,False,False,False,True,False,False,False,False
-0.5728860896783482,1,2,1,2,-0.2098118607062187,-0.06519933450700406,True,False,False,False,False,False,False,False,True
0.6048200444696701,1,2,0,0,2.727450329565935,1.289592031872302,False,False,True,False,False,False,False,False,False
-0.8446644283278909,1,2,1,3,0.38190724260931075,1.289592031872302,True,False,False,False,False,False,True,False,False
-0.7540716487780433,1,2,1,0,2.0429125433773816,0.2734985070878224,True,False,False,False,False,False,False,False,False
-0.30110775102880555,1,2,4,2,-0.7685953023571267,-0.9966183988927769,False,False,False,False,True,False,False,False,False
-0.7540716487780433,1,2,2,0,-0.2719404952099365,0.2734985070878224,True,False,True,False,False,False,False,False,False
-0.21051497147895798,0,2,1,1,0.2905856352664966,-0.2345482553044173,False,True,True,False,False,False,False,False,False
-0.029329412379262863,1,2,3,2,-0.666045628537737,-0.5732460968992438,True,False,False,False,False,False,False,False,False
-0.3917005305786531,1,2,2,2,-0.6514491421181888,-1.2506417800888967,True,False,False,False,False,False,False,False,False
0.6048200444696701,1,2,1,1,0.8620942189241901,1.289592031872302,False,False,True,False,False,False,False,False,False
0.6954128240195177,1,1,1,0,1.5732050957739727,0.2734985070878224,True,False,True,False,False,False,False,False,False
-1.207035546527281,1,2,3,1,-0.2644551175588862,0.2734985070878224,True,False,False,False,False,True,False,False,False
0.6048200444696701,1,2,2,0,-0.6899988370210981,-1.2506417800888967,False,False,False,False,False,False,True,False,False
0.8765983831192128,1,1,1,1,0.3055563905685973,0.6121963486826489,True,False,True,False,False,False,False,False,False
-1.1164427669774335,0,2,1,3,-0.7165719276823268,-0.9119439384940703,True,False,False,False,False,True,False,False,False
2.1448972968170787,0,2,1,2,1.2075443975201634,2.3056855566567815,False,True,False,False,False,False,False,False,False
1.057783942218908,1,1,1,1,-0.7382795228703728,-0.2345482553044173,True,False,False,True,False,False,False,False,False
-1.207035546527281,1,1,1,2,-1.0238466802579433,-1.2506417800888967,True,False,False,False,False,False,False,True,False
1.057783942218908,1,1,1,0,-0.24387032901849776,0.2734985070878224,True,False,True,False,False,False,False,False,False
2.688453974116164,1,2,1,1,-0.9800572209992988,0.01947512589170256,True,False,True,False,False,False,False,False,False
-0.5728860896783482,1,1,0,3,-0.6346070424033255,-1.41999070088631,True,False,True,False,False,False,False,False,False
-0.9352572078777385,1,1,1,1,-0.7678467645920216,-0.9966183988927769,True,False,False,False,False,False,True,False,False
-1.2976283260771286,0,2,2,2,0.09409447192642514,0.7815452694800622,False,True,False,False,False,True,False,False,False
1.691933399067841,1,2,4,2,-0.7004783657325685,-0.742595017696657,True,False,True,False,False,False,False,False,False
-0.8446644283278909,1,2,1,1,1.886093881587877,1.289592031872302,True,False,True,False,False,False,False,False,False
-0.3917005305786531,1,2,0,0,0.07051553232561657,-0.2345482553044173,True,False,True,False,False,False,False,False,False
0.6048200444696701,0,3,1,2,1.919403812135051,0.5275218882839423,False,False,False,False,False,False,False,False,False
0.3330417058201274,1,3,1,0,-0.4886421782078439,-0.742595017696657,True,False,True,False,False,False,False,False,False
1.238969501318603,1,1,0,3,0.1745622816752163,0.7815452694800622,True,False,False,False,False,False,True,False,False
-0.6634788692281958,1,2,1,0,2.3887369908559073,1.289592031872302,True,False,False,False,False,False,False,False,False
-0.6634788692281958,0,3,2,3,-0.09977680923577868,0.01947512589170256,True,False,True,False,False,False,False,False,False
-1.3882211056269762,1,2,0,1,-0.07245518080944495,0.2734985070878224,True,False,False,False,False,True,False,False,False
-0.4822933101285007,0,3,1,2,0.7135094725508409,2.3056855566567815,True,False,False,False,False,True,False,False,False
2.054304517267231,1,2,1,2,4.773952579363098,2.8137323190490213,False,True,False,False,False,False,False,False,False
-0.11992219192911042,1,3,2,2,1.3699770925479557,-0.48857163650053714,True,False,True,False,False,False,False,False,False
0.5142272649198225,1,2,1,2,1.186959608979775,-0.2345482553044173,True,False,False,False,False,True,False,False,False
-0.9352572078777385,0,2,0,0,-0.7135777766219067,0.10414958629040919,False,True,True,False,False,False,False,False,False
-0.029329412379262863,1,2,2,0,0.3598253785387122,0.2734985070878224,True,False,False,False,False,True,False,False,False
0.6048200444696701,0,2,0,2,0.7090182459602107,0.2734985070878224,True,False,False,False,False,False,True,False,False
-0.21051497147895798,0,1,0,0,-0.8954724535424299,-0.742595017696657,True,False,False,False,False,False,True,False,False
-1.025849987427586,1,2,0,2,-0.4339989213551764,-0.9966183988927769,True,False,False,False,False,True,False,False,False
2.688453974116164,0,0,1,0,-0.7828175198941223,-0.2345482553044173,True,False,False,False,False,False,True,False,False
0.0612633671705847,1,2,1,1,1.5372752830489311,3.321779081441261,False,True,False,False,False,False,False,False,False
0.9671911626690604,0,1,1,0,0.15135761095696024,-0.48857163650053714,True,False,True,False,False,False,False,False,False
2.8696395332158593,0,3,1,2,-0.7450163627563181,-0.9966183988927769,True,False,False,False,True,False,False,False,False
-1.1164427669774335,1,2,1,1,0.34448035435405905,0.2734985070878224,False,True,False,False,False,True,False,False,False
-1.207035546527281,1,2,3,1,-0.1353323530782678,0.2734985070878224,True,False,False,False,False,True,False,False,False
-0.4822933101285007,1,3,1,2,-0.4216480482309434,-1.2506417800888967,False,True,False,False,False,False,True,False,False
-0.8446644283278909,0,3,0,0,0.8396380859710391,0.2734985070878224,False,True,True,False,False,False,False,False,False
0.0612633671705847,1,2,0,0,-0.9317765351500241,-1.2506417800888967,False,False,False,False,False,False,True,False,False
0.7860056035693652,1,2,1,0,0.8673339832799254,0.2734985070878224,False,False,False,False,False,False,False,True,False
0.2424489262702798,1,1,1,2,-0.7042210545580937,-0.48857163650053714,True,False,False,False,False,False,False,True,False
-1.025849987427586,0,2,0,0,-0.8666537495858861,-0.48857163650053714,True,False,False,True,False,False,False,False,False
0.9671911626690604,1,2,1,3,-0.6911216436687556,-1.2506417800888967,True,False,True,False,False,False,False,False,False
0.6048200444696701,1,1,1,0,-0.6312386224603529,-1.41999070088631,True,False,False,False,False,False,True,False,False
-0.3917005305786531,1,2,1,1,0.6090884543186886,0.2734985070878224,True,False,True,False,False,False,False,False,False
-0.21051497147895798,1,1,1,1,-0.22852530483384456,-0.742595017696657,True,False,True,False,False,False,False,False,False
-0.8446644283278909,1,2,2,0,0.14499503995356747,-0.9966183988927769,False,True,True,False,False,False,False,False,False
1.7825261786176885,0,3,0,3,-0.6608058641820017,-0.742595017696657,True,False,False,False,False,True,False,False,False
0.15185614672043227,1,2,2,2,0.2576499736018751,0.2734985070878224,True,False,True,False,False,False,False,False,False
-0.8446644283278909,1,2,1,2,-0.854302876461653,-1.0812928592914834,True,False,False,False,False,False,False,False,False
-0.30110775102880555,1,2,2,1,-0.32358960100218387,0.2734985070878224,True,False,True,False,False,False,False,False,False
0.42363448536997494,1,0,0,2,0.8201761040783082,2.3056855566567815,False,False,False,False,False,False,False,False,True
1.7825261786176885,0,0,1,1,-0.7483847826992908,-0.2345482553044173,False,False,False,False,False,False,False,True,False
2.235490076366926,1,2,1,1,-0.35315684272383274,-0.742595017696657,True,False,False,False,False,True,False,False,False
-1.025849987427586,1,2,1,2,-1.0223496047277332,-0.9966183988927769,True,False,False,False,False,False,True,False,False
0.8765983831192128,1,3,1,0,1.3366671620007817,-1.2506417800888967,True,False,True,False,False,False,False,False,False
0.5142272649198225,0,1,0,0,-0.7281742630414548,-0.9966183988927769,False,True,False,False,True,False,False,False,False
0.8765983831192128,1,3,1,1,2.166421274619712,-0.5732460968992438,True,False,True,False,False,False,False,False,False
0.6954128240195177,1,2,0,0,0.31903007034048786,0.2734985070878224,True,False,True,False,False,False,False,False,False
0.7860056035693652,1,2,2,2,-0.5185836888120453,-0.742595017696657,True,False,True,False,False,False,False,False,False
0.2424489262702798,1,3,4,0,0.9436848353206388,1.289592031872302,True,False,True,False,False,False,False,False,False
-0.5728860896783482,0,2,0,1,-0.8513087254012329,0.2734985070878224,True,False,True,False,False,False,False,False,False
1.691933399067841,0,0,1,0,-0.9422560638614945,-1.2506417800888967,True,False,True,False,False,False,False,False,False
-0.7540716487780433,0,2,1,1,-0.02492303272527528,0.2734985070878224,True,False,True,False,False,False,False,False,False
-1.207035546527281,0,2,2,0,-0.33257205418344427,-0.9966183988927769,False,True,False,False,False,True,False,False,False
-1.2976283260771286,1,2,1,2,-0.15367152832334113,-0.2345482553044173,False,True,True,False,False,False,False,False,False
1.6013406195179933,1,3,1,1,1.7498600083387608,-0.742595017696657,False,False,False,False,False,True,False,False,False
0.15185614672043227,1,1,1,2,-0.47441996067084824,-0.742595017696657,True,False,False,False,False,True,False,False,False
2.7790467536660115,1,0,3,3,-0.6398468067590608,-0.742595017696657,False,False,True,False,False,False,False,False,False
1.6013406195179933,1,2,1,1,0.628924705093972,0.2734985070878224,False,False,True,False,False,False,False,False,False
1.3295622808684506,1,2,0,2,-0.6185134804535674,-0.48857163650053714,True,False,False,False,False,False,True,False,False
-1.3882211056269762,1,2,2,1,-0.9415075260963895,-0.742595017696657,True,False,False,False,False,False,True,False,False
0.42363448536997494,1,1,1,1,-0.6843848037828103,-1.2506417800888967,True,False,True,False,False,False,False,False,False
-0.8446644283278909,1,2,3,2,-0.7603613869409712,-0.742595017696657,True,False,False,False,False,False,True,False,False
-0.11992219192911042,1,2,2,2,-0.2124317428840863,-0.2345482553044173,True,False,False,False,False,False,False,False,False
-0.7540716487780433,1,3,1,2,4.056104862627371,3.321779081441261,True,False,True,False,False,False,False,False,False
0.3330417058201274,1,3,1,1,0.0581646592013835,0.2734985070878224,False,True,False,False,False,True,False,False,False
0.15185614672043227,1,1,0,0,0.14050381336293724,-0.742595017696657,True,False,False,False,True,False,False,False,False
-0.5728860896783482,0,1,3,0,-0.7734607978303094,-0.742595017696657,False,True,False,False,False,True,False,False,False
-1.3882211056269762,0,2,3,0,-0.3625135647876456,-0.48857163650053714,False,True,False,False,False,True,False,False,False
0.15185614672043227,1,2,0,0,1.579193397894813,1.289592031872302,True,False,False,False,False,False,False,False,False
1.1483767217687555,1,2,0,0,0.7486907475107775,0.5275218882839423,True,False,False,False,False,False,False,True,False
-0.4822933101285007,0,2,1,1,-0.5874491632017084,-0.742595017696657,True,False,False,False,False,True,False,False,False
2.507268415016469,1,2,1,1,-0.08705166722899312,0.2734985070878224,True,False,True,False,False,False,False,False,False
0.5142272649198225,1,2,1,1,-0.17874754345435978,1.289592031872302,True,False,False,False,False,True,False,False,False
0.7860056035693652,1,2,0,0,0.1105623027587359,-0.06519933450700406,True,False,True,False,False,False,False,False,False
-0.7540716487780433,0,2,0,1,-0.3958234953348197,-0.9119439384940703,False,True,False,False,False,True,False,False,False
-1.1164427669774335,0,2,1,1,-0.6331099668731155,-0.742595017696657,True,False,False,False,False,False,True,False,False
0.6954128240195177,1,2,1,1,-0.21130893623642877,-0.40389717610183057,False,True,True,False,False,False,False,False,False
-0.029329412379262863,1,1,2,0,-0.6630514774773169,-0.9119439384940703,False,True,True,False,False,False,False,False,False
-0.7540716487780433,0,2,0,2,-0.4736714229057432,-0.2345482553044173,False,True,False,False,False,True,False,False,False
-0.6634788692281958,0,2,1,0,-0.5137181933388625,-0.2345482553044173,True,False,False,False,False,True,False,False,False
0.0612633671705847,0,2,1,3,-0.3527825738412802,-0.742595017696657,True,False,True,False,False,False,False,False,False
-1.2976283260771286,0,2,0,0,-0.7723379911826518,-0.2345482553044173,False,True,False,False,False,False,True,False,False
-0.7540716487780433,0,2,2,0,-0.7307941452193224,-1.2506417800888967,True,False,False,False,False,False,True,False,False
0.6954128240195177,1,2,1,1,-0.6948643324942808,0.2734985070878224,False,False,True,False,False,False,False,False,False
0.6954128240195177,1,2,1,0,-0.25247851331720567,-0.2345482553044173,True,False,False,False,False,True,False,False,False
-1.1164427669774335,0,2,0,1,1.976666951165586,-0.2345482553044173,False,True,False,False,True,False,False,False,False
-0.21051497147895798,1,2,1,0,-0.06010430768521188,-0.48857163650053714,True,False,True,False,False,False,False,False,False
